Participant_code,Age,Gender,Nationality,Ethnicity,Played_stock_market,Played_in_years,Played_how_often,Stock_amount_S1_T1,Stock_amount_S1_T2,Stock_amount_S1_T3,Stock_amount_S1_T4,Stock_amount_S1_T5,Stock_amount_S1_T6,Stock_amount_S1_T7,Stock_amount_S1_T8,Stock_amount_S1_T9,Stock_amount_S1_T10,Stock_amount_S2_T1,Stock_amount_S2_T2,Stock_amount_S2_T3,Stock_amount_S2_T4,Stock_amount_S2_T5,Stock_amount_S2_T6,Stock_amount_S2_T7,Stock_amount_S2_T8,Stock_amount_S2_T9,Stock_amount_S2_T10,Stock_amount_S3_T1,Stock_amount_S3_T2,Stock_amount_S3_T3,Stock_amount_S3_T4,Stock_amount_S3_T5,Stock_amount_S3_T6,Stock_amount_S3_T7,Stock_amount_S3_T8,Stock_amount_S3_T9,Stock_amount_S3_T10,Stock_amount_S4_T1,Stock_amount_S4_T2,Stock_amount_S4_T3,Stock_amount_S4_T4,Stock_amount_S4_T5,Stock_amount_S4_T6,Stock_amount_S4_T7,Stock_amount_S4_T8,Stock_amount_S4_T9,Stock_amount_S4_T10,Total_money_S1_T1,Total_money_S1_T2,Total_money_S1_T3,Total_money_S1_T4,Total_money_S1_T5,Total_money_S1_T6,Total_money_S1_T7,Total_money_S1_T8,Total_money_S1_T9,Total_money_S1_T10,Total_money_S2_T1,Total_money_S2_T2,Total_money_S2_T3,Total_money_S2_T4,Total_money_S2_T5,Total_money_S2_T6,Total_money_S2_T7,Total_money_S2_T8,Total_money_S2_T9,Total_money_S2_T10,Total_money_S3_T1,Total_money_S3_T2,Total_money_S3_T3,Total_money_S3_T4,Total_money_S3_T5,Total_money_S3_T6,Total_money_S3_T7,Total_money_S3_T8,Total_money_S3_T9,Total_money_S3_T10,Total_money_S4_T1,Total_money_S4_T2,Total_money_S4_T3,Total_money_S4_T4,Total_money_S4_T5,Total_money_S4_T6,Total_money_S4_T7,Total_money_S4_T8,Total_money_S4_T9,Total_money_S4_T10,Money_in_stocks_S1_T1,Money_in_stocks_S1_T2,Money_in_stocks_S1_T3,Money_in_stocks_S1_T4,Money_in_stocks_S1_T5,Money_in_stocks_S1_T6,Money_in_stocks_S1_T7,Money_in_stocks_S1_T8,Money_in_stocks_S1_T9,Money_in_stocks_S1_T10,Money_in_stocks_S2_T1,Money_in_stocks_S2_T2,Money_in_stocks_S2_T3,Money_in_stocks_S2_T4,Money_in_stocks_S2_T5,Money_in_stocks_S2_T6,Money_in_stocks_S2_T7,Money_in_stocks_S2_T8,Money_in_stocks_S2_T9,Money_in_stocks_S2_T10,Money_in_stocks_S3_T1,Money_in_stocks_S3_T2,Money_in_stocks_S3_T3,Money_in_stocks_S3_T4,Money_in_stocks_S3_T5,Money_in_stocks_S3_T6,Money_in_stocks_S3_T7,Money_in_stocks_S3_T8,Money_in_stocks_S3_T9,Money_in_stocks_S3_T10,Money_in_stocks_S4_T1,Money_in_stocks_S4_T2,Money_in_stocks_S4_T3,Money_in_stocks_S4_T4,Money_in_stocks_S4_T5,Money_in_stocks_S4_T6,Money_in_stocks_S4_T7,Money_in_stocks_S4_T8,Money_in_stocks_S4_T9,Money_in_stocks_S4_T10,PANAS_Initial_interested,PANAS_Initial_distressed,PANAS_Initial_excited,PANAS_Initial_upset,PANAS_Initial_strong,PANAS_Initial_guilty,PANAS_Initial_scared,PANAS_Initial_hostile,PANAS_Initial_enthusiastic,PANAS_Initial_proud,PANAS_Initial_irritable,PANAS_Initial_alert,PANAS_Initial_ashamed,PANAS_Initial_inspired,PANAS_Initial_nervous,PANAS_Initial_determined,PANAS_Initial_attentive,PANAS_Initial_jittery,PANAS_Initial_active,PANAS_Initial_afraid,PANAS_Initial_positive,PANAS_Initial_negative,PANAS_S1_interested,PANAS_S1_distressed,PANAS_S1_excited,PANAS_S1_upset,PANAS_S1_strong,PANAS_S1_guilty,PANAS_S1_scared,PANAS_S1_hostile,PANAS_S1_enthusiastic,PANAS_S1_proud,PANAS_S1_irritable,PANAS_S1_alert,PANAS_S1_ashamed,PANAS_S1_inspired,PANAS_S1_nervous,PANAS_S1_determined,PANAS_S1_attentive,PANAS_S1_jittery,PANAS_S1_active,PANAS_S1_afraid,PANAS_S1_positive,PANAS_S1_negative,PANAS_S2_interested,PANAS_S2_distressed,PANAS_S2_excited,PANAS_S2_upset,PANAS_S2_strong,PANAS_S2_guilty,PANAS_S2_scared,PANAS_S2_hostile,PANAS_S2_enthusiastic,PANAS_S2_proud,PANAS_S2_irritable,PANAS_S2_alert,PANAS_S2_ashamed,PANAS_S2_inspired,PANAS_S2_nervous,PANAS_S2_determined,PANAS_S2_attentive,PANAS_S2_jittery,PANAS_S2_active,PANAS_S2_afraid,PANAS_S2_positive,PANAS_S2_negative,PANAS_S3_interested,PANAS_S3_distressed,PANAS_S3_excited,PANAS_S3_upset,PANAS_S3_strong,PANAS_S3_guilty,PANAS_S3_scared,PANAS_S3_hostile,PANAS_S3_enthusiastic,PANAS_S3_proud,PANAS_S3_irritable,PANAS_S3_alert,PANAS_S3_ashamed,PANAS_S3_inspired,PANAS_S3_nervous,PANAS_S3_determined,PANAS_S3_attentive,PANAS_S3_jittery,PANAS_S3_active,PANAS_S3_afraid,PANAS_S3_positive,PANAS_S3_negative,PANAS_S4_interested,PANAS_S4_distressed,PANAS_S4_excited,PANAS_S4_upset,PANAS_S4_strong,PANAS_S4_guilty,PANAS_S4_scared,PANAS_S4_hostile,PANAS_S4_enthusiastic,PANAS_S4_proud,PANAS_S4_irritable,PANAS_S4_alert,PANAS_S4_ashamed,PANAS_S4_inspired,PANAS_S4_nervous,PANAS_S4_determined,PANAS_S4_attentive,PANAS_S4_jittery,PANAS_S4_active,PANAS_S4_afraid,PANAS_S4_positive,PANAS_S4_negative,stock_fluctuation_S1_T2,stock_fluctuation_S1_T3,stock_fluctuation_S1_T4,stock_fluctuation_S1_T5,stock_fluctuation_S1_T6,stock_fluctuation_S1_T7,stock_fluctuation_S1_T8,stock_fluctuation_S1_T9,stock_fluctuation_S1_T10,stock_fluctuation_S2_T2,stock_fluctuation_S2_T3,stock_fluctuation_S2_T4,stock_fluctuation_S2_T5,stock_fluctuation_S2_T6,stock_fluctuation_S2_T7,stock_fluctuation_S2_T8,stock_fluctuation_S2_T9,stock_fluctuation_S2_T10,stock_fluctuation_S3_T2,stock_fluctuation_S3_T3,stock_fluctuation_S3_T4,stock_fluctuation_S3_T5,stock_fluctuation_S3_T6,stock_fluctuation_S3_T7,stock_fluctuation_S3_T8,stock_fluctuation_S3_T9,stock_fluctuation_S3_T10,stock_fluctuation_S4_T2,stock_fluctuation_S4_T3,stock_fluctuation_S4_T4,stock_fluctuation_S4_T5,stock_fluctuation_S4_T6,stock_fluctuation_S4_T7,stock_fluctuation_S4_T8,stock_fluctuation_S4_T9,stock_fluctuation_S4_T10,Mean_Return_S1_T2,Mean_Return_S1_T3,Mean_Return_S1_T4,Mean_Return_S1_T5,Mean_Return_S1_T6,Mean_Return_S1_T7,Mean_Return_S1_T8,Mean_Return_S1_T9,Mean_Return_S1_T10,Mean_Return_S2_T2,Mean_Return_S2_T3,Mean_Return_S2_T4,Mean_Return_S2_T5,Mean_Return_S2_T6,Mean_Return_S2_T7,Mean_Return_S2_T8,Mean_Return_S2_T9,Mean_Return_S2_T10,Mean_Return_S3_T2,Mean_Return_S3_T3,Mean_Return_S3_T4,Mean_Return_S3_T5,Mean_Return_S3_T6,Mean_Return_S3_T7,Mean_Return_S3_T8,Mean_Return_S3_T9,Mean_Return_S3_T10,Mean_Return_S4_T2,Mean_Return_S4_T3,Mean_Return_S4_T4,Mean_Return_S4_T5,Mean_Return_S4_T6,Mean_Return_S4_T7,Mean_Return_S4_T8,Mean_Return_S4_T9,Mean_Return_S4_T10,Overall_mean_return_percentage,Total_return_S1,Total_return_S2,Total_return_S3,Total_return_S4,Overall_Total_return,Residual_PANAS_S1_positive,Residual_PANAS_S2_positive,Residual_PANAS_S3_positive,Residual_PANAS_S4_positive,Residual_PANAS_S1_negative,Residual_PANAS_S2_negative,Residual_PANAS_S3_negative,Residual_PANAS_S4_negative,SCR_AnticipatoryS1_T1,SCR_AnticipatoryS1_T2,SCR_AnticipatoryS1_T3,SCR_AnticipatoryS1_T4,SCR_AnticipatoryS1_T5,SCR_AnticipatoryS1_T6,SCR_AnticipatoryS1_T7,SCR_AnticipatoryS1_T8,SCR_AnticipatoryS1_T9,SCR_AnticipatoryS1_T10,SCR_AnticipatoryS2_T1,SCR_AnticipatoryS2_T2,SCR_AnticipatoryS2_T3,SCR_AnticipatoryS2_T4,SCR_AnticipatoryS2_T5,SCR_AnticipatoryS2_T6,SCR_AnticipatoryS2_T7,SCR_AnticipatoryS2_T8,SCR_AnticipatoryS2_T9,SCR_AnticipatoryS2_T10,SCR_AnticipatoryS3_T1,SCR_AnticipatoryS3_T2,SCR_AnticipatoryS3_T3,SCR_AnticipatoryS3_T4,SCR_AnticipatoryS3_T5,SCR_AnticipatoryS3_T6,SCR_AnticipatoryS3_T7,SCR_AnticipatoryS3_T8,SCR_AnticipatoryS3_T9,SCR_AnticipatoryS3_T10,SCR_AnticipatoryS4_T1,SCR_AnticipatoryS4_T2,SCR_AnticipatoryS4_T3,SCR_AnticipatoryS4_T4,SCR_AnticipatoryS4_T5,SCR_AnticipatoryS4_T6,SCR_AnticipatoryS4_T7,SCR_AnticipatoryS4_T8,SCR_AnticipatoryS4_T9,SCR_AnticipatoryS4_T10
1,22,2,4,6,1,1.00,3,100.00,40.00,40.00,130.00,10.00,10.00,150.00,80.00,40.00,40.00,100.00,80.00,30.00,30.00,20.00,20.00,10.00,50.00,100.00,20.00,100.00,30.00,40.00,40.00,50.00,60.00,40.00,30.00,30.00,20.00,100.00,50.00,20.00,20.00,20.00,50.00,50.00,50.00,50.00,40.00,27084.00,28319.41,27051.73,39161.36,40986.29,41036.02,24308.33,17967.18,16734.45,16628.73,16793.00,19727.95,19647.83,19713.99,20011.74,20416.44,20874.21,21832.16,23741.38,24406.20,21742.00,22718.39,24174.53,25145.59,26865.00,26261.21,25608.01,27302.82,26542.88,28609.82,18031.00,17032.81,16996.99,17025.55,17925.44,18798.02,17885.30,17890.90,17697.46,17796.76,16884.00,7623.20,5941.60,31265.00,3494.80,2794.70,25210.50,6887.20,1920.40,1518.40,6593.00,3410.40,829.80,519.60,256.80,266.40,185.30,1485.50,4503.00,1108.60,11542.00,4073.40,6541.60,7160.00,10345.50,11521.80,6656.40,6274.80,5094.30,5000.20,7831.00,2635.00,698.60,401.20,968.60,2984.00,1755.00,1438.00,915.50,492.40,4.00,3.00,4.00,3.00,3.00,1.00,2.00,3.00,4.00,3.00,3.00,3.00,1.00,2.00,3.00,3.00,2.00,3.00,4.00,2.00,32.00,24.00,4.00,3.00,4.00,3.00,3.00,4.00,1.00,2.00,4.00,1.00,2.00,2.00,4.00,3.00,2.00,3.00,4.00,3.00,4.00,2.00,32.00,26.00,5.00,2.00,4.00,2.00,3.00,2.00,1.00,2.00,4.00,3.00,2.00,3.00,2.00,3.00,2.00,3.00,4.00,2.00,4.00,1.00,36.00,18.00,5.00,3.00,3.00,3.00,2.00,3.00,1.00,2.00,3.00,3.00,2.00,2.00,2.00,4.00,1.00,4.00,4.00,2.00,4.00,1.00,34.00,20.00,4.00,3.00,2.00,4.00,3.00,3.00,2.00,2.00,3.00,2.00,2.00,3.00,4.00,3.00,1.00,3.00,3.00,2.00,3.00,3.00,29.00,26.00,2.00,1.00,2.00,2.00,1.00,1.00,1.00,1.00,1.00,1.00,1.00,1.00,1.00,2.00,2.00,2.00,2.00,2.00,2.00,2.00,2.00,2.00,1.00,1.00,2.00,1.00,2.00,1.00,1.00,1.00,2.00,2.00,1.00,1.00,1.00,1.00,0.045,-0.046,0.370,0.046,0.001,-0.524,-0.302,-0.071,-0.006,0.161,-0.004,0.003,0.015,0.020,0.022,0.045,0.084,0.028,0.044,0.062,0.039,0.066,-0.023,-0.025,0.064,-0.028,0.075,-0.057,-0.002,0.002,0.052,0.048,-0.050,0.000,-0.011,0.006,0.40,-0.488,0.374,0.275,-0.013,0.037,0.00,-4.00,-2.00,3.00,-2.00,6.00,4.00,-2.00,0.806,0.028,0.232,0.954,0.000,0.858,0.637,0.016,0.023,0.032,0.546,0.017,0.012,0.068,0.118,0.000,0.207,0.462,0.013,0.011,0.532,0.026,0.000,0.032,0.025,0.030,0.035,0.190,0.057,0.022,0.000,0.383,0.093,0.012,0.040,0.314,0.054,0.016,0.007,0.656
2,21,1,1,1,0,#NULL!,#NULL!,100.00,150.00,100.00,175.00,100.00,60.00,60.00,260.00,260.00,260.00,100.00,50.00,50.00,50.00,30.00,10.00,30.00,100.00,145.00,100.00,100.00,150.00,115.00,85.00,60.00,60.00,25.00,0.00,0.00,100.00,100.00,100.00,150.00,150.00,180.00,335.00,335.00,335.00,335.00,335.00,27084.00,30227.16,26246.54,42344.58,53608.48,50060.67,44042.52,22734.60,12840.83,10234.99,16793.00,20466.51,20084.71,19941.74,20195.79,20601.93,21162.28,22666.46,25255.03,26710.07,21742.00,24884.58,28262.38,29863.71,31920.78,31418.10,31309.95,31936.15,32574.87,40906.75,18031.00,15674.00,13163.88,11091.87,16348.09,20119.32,11887.55,9766.23,6268.11,4260.80,16884.00,28587.00,14854.00,42087.50,34948.00,16768.20,10084.20,22383.40,12482.60,9869.60,6593.00,2131.50,1383.00,866.00,385.20,133.20,555.90,2971.00,6529.35,5543.00,11542.00,20367.00,18807.10,15215.00,12414.60,11521.80,4160.25,0.00,0.00,25001.00,7831.00,5270.00,5239.50,3009.00,8717.40,19992.80,11758.50,9634.60,6133.85,4123.85,3.00,1.00,2.00,1.00,3.00,1.00,1.00,1.00,3.00,2.00,1.00,3.00,1.00,2.00,1.00,4.00,3.00,1.00,4.00,1.00,29.00,10.00,3.00,1.00,2.00,2.00,3.00,1.00,1.00,1.00,3.00,3.00,1.00,2.00,1.00,1.00,1.00,2.00,3.00,1.00,3.00,1.00,25.00,11.00,3.00,1.00,2.00,1.00,3.00,1.00,1.00,1.00,2.00,3.00,1.00,3.00,1.00,3.00,1.00,3.00,3.00,1.00,3.00,1.00,28.00,10.00,2.00,1.00,2.00,1.00,2.00,1.00,1.00,1.00,3.00,2.00,1.00,3.00,1.00,2.00,1.00,3.00,3.00,1.00,4.00,1.00,27.00,10.00,3.00,1.00,3.00,1.00,2.00,1.00,1.00,1.00,3.00,2.00,1.00,3.00,1.00,2.00,1.00,3.00,3.00,1.00,3.00,1.00,27.00,10.00,2.00,1.00,2.00,2.00,1.00,1.00,1.00,1.00,1.00,1.00,1.00,1.00,1.00,2.00,2.00,2.00,2.00,2.00,2.00,2.00,2.00,2.00,1.00,1.00,2.00,1.00,2.00,1.00,1.00,1.00,2.00,2.00,1.00,1.00,1.00,1.00,0.110,-0.141,0.478,0.236,-0.068,-0.128,-0.661,-0.571,-0.227,0.198,-0.019,-0.007,0.013,0.020,0.027,0.069,0.108,0.056,0.135,0.127,0.055,0.067,-0.016,-0.003,0.020,0.020,0.228,-0.140,-0.175,-0.171,0.388,0.208,-0.526,-0.197,-0.443,-0.386,-3.70,-0.973,0.464,0.632,-1.443,-0.330,4.00,1.00,2.00,2.00,-1.00,0.00,0.00,0.00,0.004,0.029,0.025,0.673,0.029,0.486,0.000,0.012,0.000,0.000,0.020,0.030,0.522,0.024,0.260,0.036,0.039,0.029,0.000,0.137,0.000,0.000,0.015,0.018,0.000,0.146,0.292,0.311,0.311,0.000,0.199,0.371,0.012,0.113,0.056,0.035,0.008,0.517,0.517,0.517
3,26,1,1,1,1,1.00,2,100.00,0.00,0.00,190.00,0.00,0.00,0.00,290.00,290.00,290.00,100.00,0.00,0.00,200.00,200.00,405.00,780.00,1330.00,1330.00,0.00,100.00,190.00,190.00,190.00,100.00,50.00,0.00,0.00,0.00,0.00,100.00,230.00,0.00,0.00,0.00,270.00,270.00,270.00,270.00,270.00,27084.00,27625.68,28178.19,45649.70,46562.70,47493.95,48443.83,24663.70,13614.45,10693.78,16793.00,21697.44,22131.39,20395.38,19838.00,20325.16,24587.67,39455.92,59830.36,61026.96,21742.00,25606.64,30877.21,33810.71,36919.92,36707.41,37441.55,38190.38,38954.19,39733.27,18031.00,12141.09,12383.92,12631.59,12884.23,15917.89,9277.37,7561.58,4736.01,3111.85,16884.00,0.00,0.00,45695.00,0.00,0.00,0.00,24966.10,13922.90,11008.40,6593.00,0.00,0.00,3464.00,2568.00,5394.60,14453.40,39514.30,59889.90,0.00,11542.00,25798.20,31072.60,34010.00,20691.00,9601.50,0.00,0.00,0.00,0.00,7831.00,12121.00,0.00,0.00,0.00,16113.60,9477.00,7765.20,4943.70,3323.70,5.00,1.00,4.00,1.00,3.00,1.00,2.00,1.00,4.00,3.00,1.00,5.00,1.00,4.00,2.00,5.00,5.00,1.00,4.00,2.00,42.00,13.00,4.00,3.00,2.00,4.00,3.00,4.00,1.00,1.00,3.00,1.00,1.00,2.00,3.00,3.00,1.00,3.00,3.00,2.00,3.00,1.00,27.00,21.00,4.00,2.00,4.00,2.00,4.00,1.00,1.00,1.00,5.00,4.00,1.00,4.00,1.00,4.00,1.00,5.00,5.00,1.00,5.00,1.00,44.00,12.00,4.00,2.00,3.00,2.00,3.00,3.00,1.00,1.00,4.00,3.00,1.00,4.00,2.00,4.00,2.00,5.00,5.00,2.00,4.00,1.00,39.00,17.00,4.00,1.00,3.00,1.00,3.00,2.00,1.00,1.00,4.00,3.00,1.00,3.00,1.00,3.00,1.00,3.00,4.00,1.00,3.00,1.00,33.00,11.00,2.00,1.00,2.00,2.00,1.00,1.00,1.00,1.00,1.00,1.00,1.00,1.00,1.00,2.00,2.00,2.00,2.00,2.00,2.00,2.00,2.00,2.00,1.00,1.00,2.00,1.00,2.00,1.00,1.00,1.00,2.00,2.00,1.00,1.00,1.00,1.00,0.020,0.020,0.482,0.020,0.020,0.020,-0.675,-0.594,-0.241,0.256,0.020,-0.082,-0.028,0.024,0.190,0.473,0.416,0.020,0.164,0.187,0.091,0.088,-0.006,0.020,0.020,0.020,0.020,-0.395,0.020,0.020,0.020,0.211,-0.540,-0.204,-0.468,-0.420,-2.20,-0.929,1.290,0.603,-1.757,-0.198,15.00,-2.00,3.00,9.00,-8.00,1.00,-4.00,2.00,0.453,0.149,0.018,0.519,0.265,0.055,0.144,0.059,0.000,0.000,0.000,0.025,0.621,0.860,0.043,0.024,0.053,0.137,0.469,0.000,0.020,0.230,0.965,0.611,0.023,0.029,0.020,0.060,0.427,0.016,0.000,0.004,0.000,0.105,0.098,0.025,0.000,0.010,0.325,0.021
4,24,2,4,3,0,#NULL!,#NULL!,100.00,105.00,95.00,90.00,110.00,115.00,105.00,80.00,120.00,55.00,100.00,105.00,75.00,40.00,75.00,60.00,70.00,90.00,110.00,125.00,100.00,105.00,110.00,120.00,135.00,150.00,145.00,155.00,160.00,130.00,100.00,80.00,80.00,180.00,50.00,60.00,90.00,60.00,100.00,30.00,27084.00,29446.72,25679.75,34202.37,46345.12,38417.07,26901.52,20612.24,16248.27,15967.67,16793.00,19112.49,18308.04,18238.47,18241.26,18619.48,19337.92,20697.53,22731.31,24373.36,21742.00,24072.26,27308.59,29317.46,33188.36,30999.40,27347.60,34004.93,27719.72,38258.61,18031.00,16217.52,15035.95,12534.32,14183.45,15084.00,13066.06,12904.86,12060.44,12110.66,16884.00,20010.90,14111.30,21645.00,38442.80,32139.05,17647.35,6887.20,5761.20,2087.80,6593.00,4476.15,2074.50,692.80,963.00,799.20,1297.10,2673.90,4953.30,6928.75,11542.00,14256.90,17989.40,21480.00,27932.85,28804.50,24129.45,32419.80,27169.60,32501.30,7831.00,4216.00,2794.40,3610.80,2421.50,3580.80,3159.00,1725.60,1831.00,369.30,3.00,1.00,2.00,1.00,3.00,1.00,1.00,1.00,2.00,1.00,1.00,3.00,1.00,1.00,1.00,3.00,3.00,1.00,3.00,1.00,24.00,10.00,3.00,1.00,3.00,1.00,2.00,1.00,1.00,1.00,3.00,2.00,1.00,4.00,1.00,3.00,1.00,3.00,4.00,1.00,3.00,1.00,30.00,10.00,3.00,1.00,2.00,1.00,3.00,1.00,1.00,1.00,2.00,2.00,1.00,3.00,1.00,2.00,1.00,3.00,3.00,1.00,3.00,1.00,26.00,10.00,3.00,1.00,1.00,1.00,3.00,1.00,1.00,1.00,2.00,3.00,1.00,4.00,1.00,2.00,1.00,3.00,3.00,1.00,3.00,1.00,27.00,10.00,3.00,1.00,1.00,1.00,3.00,1.00,1.00,1.00,2.00,2.00,1.00,3.00,1.00,2.00,1.00,3.00,3.00,1.00,3.00,1.00,25.00,10.00,2.00,1.00,2.00,2.00,1.00,1.00,1.00,1.00,1.00,1.00,1.00,1.00,1.00,2.00,2.00,2.00,2.00,2.00,2.00,2.00,2.00,2.00,1.00,1.00,2.00,1.00,2.00,1.00,1.00,1.00,2.00,2.00,1.00,1.00,1.00,1.00,0.084,-0.137,0.287,0.304,-0.188,-0.356,-0.266,-0.238,-0.017,0.129,-0.043,-0.004,0.000,0.021,0.038,0.068,0.094,0.070,0.102,0.126,0.071,0.124,-0.068,-0.125,0.218,-0.204,0.322,-0.106,-0.076,-0.182,0.124,0.062,-0.144,-0.012,-0.068,0.004,0.00,-0.528,0.373,0.565,-0.398,0.003,-6.00,-2.00,-3.00,-1.00,0.00,0.00,0.00,0.00,0.000,0.378,0.048,0.033,0.024,0.034,0.036,0.029,0.033,0.025,0.000,0.004,0.029,0.036,0.000,0.000,0.036,0.032,0.021,0.031,0.000,0.000,0.365,0.030,0.027,0.030,0.024,0.015,0.757,0.000,0.000,0.006,0.115,0.034,0.028,0.301,0.391,0.000,0.047,0.572
5,28,1,4,9,1,5.00,1,100.00,145.00,145.00,90.00,125.00,125.00,20.00,10.00,5.00,5.00,100.00,35.00,45.00,70.00,120.00,160.00,160.00,150.00,150.00,150.00,100.00,90.00,100.00,115.00,120.00,130.00,115.00,95.00,100.00,60.00,100.00,20.00,0.00,0.00,0.00,10.00,30.00,10.00,5.00,0.00,27084.00,30140.44,24094.77,32585.69,46258.66,37558.88,35970.27,35836.26,36353.98,37026.00,16793.00,20835.79,20540.49,20188.77,20013.38,20449.36,21649.32,23703.72,26386.66,28339.30,21742.00,23801.48,26781.95,28719.35,32213.34,30385.24,27604.97,31902.14,28186.87,33358.83,18031.00,17848.10,18205.06,18569.16,18940.54,19422.17,19037.40,19347.73,19679.56,20073.15,16884.00,27634.10,21538.30,21645.00,43685.00,34933.75,3361.40,860.90,240.05,189.80,6593.00,1492.05,1244.70,1212.40,1540.80,2131.20,2964.80,4456.50,6754.50,8314.50,11542.00,12220.20,16354.00,20585.00,24829.20,24963.90,19137.15,19870.20,16981.00,15000.60,7831.00,1054.00,0.00,0.00,0.00,596.80,1053.00,287.60,91.55,0.00,5.00,1.00,3.00,1.00,4.00,1.00,1.00,1.00,4.00,3.00,1.00,3.00,1.00,4.00,1.00,4.00,5.00,1.00,3.00,1.00,38.00,10.00,5.00,1.00,2.00,1.00,3.00,2.00,1.00,1.00,3.00,3.00,1.00,3.00,1.00,3.00,2.00,4.00,2.00,1.00,3.00,1.00,31.00,12.00,4.00,1.00,1.00,1.00,3.00,1.00,1.00,1.00,4.00,3.00,1.00,3.00,1.00,3.00,1.00,3.00,4.00,1.00,3.00,1.00,31.00,10.00,4.00,1.00,1.00,2.00,3.00,2.00,1.00,1.00,3.00,3.00,1.00,2.00,2.00,2.00,1.00,2.00,3.00,1.00,2.00,1.00,25.00,13.00,3.00,1.00,1.00,1.00,4.00,1.00,1.00,1.00,3.00,3.00,1.00,3.00,1.00,3.00,1.00,4.00,3.00,1.00,3.00,1.00,30.00,10.00,2.00,1.00,2.00,2.00,1.00,1.00,1.00,1.00,1.00,1.00,1.00,1.00,1.00,2.00,2.00,2.00,2.00,2.00,2.00,2.00,2.00,2.00,1.00,1.00,2.00,1.00,2.00,1.00,1.00,1.00,2.00,2.00,1.00,1.00,1.00,1.00,0.107,-0.224,0.302,0.350,-0.208,-0.043,-0.004,0.014,0.018,0.216,-0.014,-0.017,-0.009,0.022,0.057,0.091,0.107,0.071,0.091,0.118,0.070,0.115,-0.058,-0.096,0.145,-0.124,0.168,-0.010,0.020,0.020,0.020,0.025,-0.020,0.016,0.017,0.020,3.80,0.313,0.523,0.428,0.107,0.343,7.00,7.00,13.00,8.00,-2.00,0.00,-3.00,0.00,0.000,0.126,0.061,0.031,0.017,0.036,0.105,0.032,0.207,0.021,0.000,0.041,0.018,0.023,0.029,0.022,0.022,0.013,0.036,0.026,0.000,0.025,0.051,0.030,0.024,0.030,0.021,0.029,0.048,0.019,0.000,0.022,0.021,0.000,0.000,0.100,0.000,0.017,0.040,0.040
6,28,1,1,1,0,#NULL!,#NULL!,100.00,50.00,30.00,70.00,30.00,30.00,60.00,120.00,120.00,120.00,100.00,10.00,10.00,10.00,10.00,0.00,20.00,40.00,60.00,0.00,100.00,30.00,20.00,10.00,10.00,5.00,0.00,0.00,0.00,0.00,100.00,30.00,30.00,30.00,30.00,100.00,100.00,100.00,150.00,200.00,27084.00,28492.84,27687.15,34470.13,38284.64,36740.34,30455.78,20823.93,16464.19,15472.25,16793.00,21451.25,21722.05,22047.56,22440.25,22889.05,23445.70,24346.99,25717.48,26231.83,21742.00,22718.39,23673.64,24269.01,24997.69,25402.55,25910.60,26428.81,26957.39,27496.53,18031.00,17576.33,17363.14,17243.34,18427.28,19823.96,17643.08,17291.74,15983.80,15030.23,16884.00,9529.00,4456.20,16835.00,10484.40,8384.10,10084.20,10330.80,5761.20,4555.20,6593.00,426.30,276.60,173.20,128.40,0.00,370.60,1188.40,2701.80,0.00,11542.00,4073.40,3270.80,1790.00,2069.10,960.15,0.00,0.00,0.00,0.00,7831.00,1581.00,1047.90,601.80,1452.90,5968.00,3510.00,2876.00,2746.50,2462.00,5.00,1.00,5.00,1.00,4.00,1.00,1.00,1.00,5.00,4.00,1.00,5.00,1.00,4.00,1.00,3.00,5.00,1.00,4.00,1.00,44.00,10.00,5.00,1.00,5.00,1.00,4.00,1.00,1.00,1.00,5.00,4.00,1.00,5.00,1.00,4.00,1.00,5.00,5.00,1.00,4.00,1.00,46.00,10.00,5.00,1.00,5.00,1.00,5.00,1.00,1.00,1.00,5.00,5.00,1.00,5.00,1.00,5.00,1.00,5.00,5.00,1.00,5.00,1.00,50.00,10.00,5.00,1.00,5.00,1.00,5.00,1.00,1.00,1.00,5.00,5.00,1.00,5.00,1.00,5.00,1.00,5.00,5.00,1.00,5.00,1.00,50.00,10.00,5.00,1.00,5.00,1.00,4.00,1.00,1.00,1.00,5.00,4.00,1.00,5.00,1.00,4.00,1.00,5.00,5.00,1.00,4.00,1.00,46.00,10.00,2.00,1.00,2.00,2.00,1.00,1.00,1.00,1.00,1.00,1.00,1.00,1.00,1.00,2.00,2.00,2.00,2.00,2.00,2.00,2.00,2.00,2.00,1.00,1.00,2.00,1.00,2.00,1.00,1.00,1.00,2.00,2.00,1.00,1.00,1.00,1.00,0.051,-0.029,0.219,0.105,-0.041,-0.188,-0.380,-0.235,-0.062,0.245,0.013,0.015,0.018,0.020,0.024,0.038,0.055,0.020,0.044,0.041,0.025,0.030,0.016,0.020,0.020,0.020,0.020,-0.026,-0.012,-0.007,0.066,0.073,-0.117,-0.020,-0.079,-0.062,-0.20,-0.560,0.446,0.235,-0.182,-0.015,-2.00,-6.00,-6.00,-2.00,0.00,0.00,0.00,0.00,0.026,0.005,0.001,0.034,0.027,0.015,0.018,0.027,0.029,0.051,0.417,0.000,0.043,0.020,0.020,0.032,0.034,0.114,0.108,0.000,0.398,0.000,0.045,0.156,0.090,0.755,0.153,0.095,0.023,0.035,0.029,0.036,0.047,0.047,0.039,0.036,0.054,0.054,0.028,0.011
7,27,1,1,1,0,#NULL!,#NULL!,100.00,100.00,100.00,0.00,0.00,40.00,0.00,0.00,95.00,0.00,100.00,100.00,205.00,205.00,440.00,635.00,855.00,945.00,945.00,50.00,100.00,100.00,100.00,100.00,100.00,100.00,20.00,0.00,0.00,0.00,100.00,60.00,0.00,0.00,0.00,280.00,70.00,25.00,0.00,0.00,27084.00,29462.00,25466.08,25975.40,26494.91,23944.82,24423.72,24912.19,21629.26,22061.85,16793.00,19235.58,16376.66,14471.09,12636.89,13031.36,17518.77,28084.02,42561.59,43887.79,21742.00,23982.00,26966.08,28724.32,31731.81,30464.62,30484.70,31094.40,31716.28,32350.61,18031.00,16761.05,17096.27,17438.19,17786.96,21021.49,19637.77,19854.47,20251.56,20656.59,16884.00,19058.00,14854.00,0.00,0.00,11178.80,0.00,0.00,4560.95,0.00,6593.00,4263.00,5670.30,3550.60,5649.60,8458.20,15843.15,28075.95,42553.35,2771.50,11542.00,13578.00,16354.00,17900.00,20691.00,19203.00,3328.20,0.00,0.00,0.00,7831.00,3162.00,0.00,0.00,0.00,16710.40,2457.00,719.00,0.00,0.00,4.00,2.00,3.00,1.00,3.00,1.00,2.00,1.00,3.00,1.00,2.00,3.00,1.00,2.00,3.00,2.00,3.00,2.00,2.00,2.00,26.00,17.00,3.00,4.00,3.00,3.00,2.00,3.00,2.00,2.00,3.00,1.00,2.00,3.00,4.00,2.00,2.00,2.00,3.00,3.00,2.00,2.00,24.00,27.00,3.00,3.00,3.00,3.00,2.00,2.00,2.00,2.00,3.00,2.00,2.00,3.00,2.00,2.00,3.00,3.00,3.00,3.00,2.00,2.00,26.00,24.00,2.00,3.00,2.00,3.00,2.00,2.00,2.00,2.00,2.00,1.00,2.00,2.00,3.00,2.00,2.00,2.00,2.00,3.00,2.00,2.00,19.00,24.00,3.00,3.00,3.00,2.00,3.00,2.00,1.00,2.00,3.00,3.00,2.00,3.00,2.00,3.00,2.00,2.00,3.00,2.00,2.00,1.00,28.00,19.00,2.00,1.00,2.00,2.00,1.00,1.00,1.00,1.00,1.00,1.00,1.00,1.00,1.00,2.00,2.00,2.00,2.00,2.00,2.00,2.00,2.00,2.00,1.00,1.00,2.00,1.00,2.00,1.00,1.00,1.00,2.00,2.00,1.00,1.00,1.00,1.00,0.084,-0.146,0.020,0.020,-0.101,0.020,0.020,-0.141,0.020,0.136,-0.161,-0.124,-0.136,0.031,0.296,0.472,0.416,0.031,0.098,0.117,0.063,0.100,-0.041,0.001,0.020,0.020,0.020,-0.073,0.020,0.020,0.020,0.167,-0.068,0.011,0.020,0.020,3.60,-0.205,0.961,0.397,0.136,0.322,2.00,0.00,7.00,-2.00,-10.00,-7.00,-7.00,-2.00,0.000,0.010,0.154,0.000,0.261,0.034,0.000,0.073,0.030,0.018,0.000,0.029,0.000,0.391,0.305,0.179,0.060,0.038,0.030,0.000,0.000,0.018,0.033,0.040,0.149,0.045,0.021,0.201,0.032,0.003,1.150,0.000,0.023,0.595,0.595,0.537,0.029,0.357,0.169,0.021
8,41,1,4,8,1,7.00,4,100.00,160.00,90.00,70.00,70.00,55.00,30.00,40.00,160.00,210.00,100.00,315.00,330.00,330.00,330.00,330.00,330.00,330.00,330.00,315.00,100.00,145.00,130.00,115.00,120.00,120.00,25.00,10.00,15.00,20.00,100.00,170.00,170.00,150.00,65.00,115.00,100.00,85.00,65.00,370.00,27084.00,30400.59,26881.96,33648.84,41613.72,38211.02,35465.55,32761.21,27048.14,25276.96,16793.00,13942.58,8999.97,5585.22,4104.21,4259.95,5976.54,9663.17,14715.95,13942.58,21742.00,24794.32,28545.98,30518.66,34048.63,32447.42,32359.85,33401.27,33416.29,35620.69,18031.00,13771.67,10847.02,8728.67,10721.21,12118.00,9783.00,9380.09,8851.05,6672.58,16884.00,30492.80,13368.60,16835.00,24463.60,15370.85,5042.10,3443.60,7681.60,7971.60,6593.00,13428.45,9127.80,5715.60,4237.20,4395.60,6114.90,9804.30,14859.90,17460.45,11542.00,19688.10,21260.20,20585.00,24829.20,23043.60,4160.25,2091.60,2547.15,5000.20,7831.00,8959.00,5938.10,3009.00,3147.95,6863.20,3510.00,2444.60,1190.15,4554.70,4.00,1.00,3.00,1.00,4.00,1.00,1.00,1.00,3.00,2.00,1.00,4.00,1.00,3.00,1.00,3.00,4.00,1.00,3.00,1.00,33.00,10.00,4.00,2.00,3.00,2.00,3.00,1.00,1.00,1.00,3.00,2.00,1.00,4.00,1.00,3.00,2.00,4.00,4.00,2.00,3.00,1.00,33.00,14.00,4.00,2.00,4.00,2.00,3.00,2.00,1.00,1.00,3.00,2.00,1.00,4.00,1.00,3.00,2.00,3.00,4.00,2.00,3.00,1.00,33.00,15.00,4.00,1.00,3.00,1.00,3.00,1.00,1.00,1.00,3.00,4.00,1.00,4.00,1.00,3.00,1.00,3.00,4.00,1.00,3.00,1.00,34.00,10.00,4.00,2.00,3.00,2.00,3.00,1.00,1.00,1.00,2.00,2.00,1.00,4.00,1.00,3.00,1.00,3.00,3.00,1.00,2.00,1.00,29.00,12.00,2.00,1.00,2.00,2.00,1.00,1.00,1.00,1.00,1.00,1.00,1.00,1.00,1.00,2.00,2.00,2.00,2.00,2.00,2.00,2.00,2.00,2.00,1.00,1.00,2.00,1.00,2.00,1.00,1.00,1.00,2.00,2.00,1.00,1.00,1.00,1.00,0.116,-0.123,0.225,0.212,-0.085,-0.075,-0.079,-0.192,-0.068,-0.186,-0.438,-0.477,-0.308,0.037,0.339,0.480,0.421,-0.054,0.131,0.141,0.067,0.109,-0.048,-0.003,0.032,0.000,0.064,-0.269,-0.239,-0.217,0.206,0.122,-0.214,-0.042,-0.058,-0.283,-2.10,-0.069,-0.186,0.494,-0.994,-0.189,0.00,0.00,-1.00,4.00,-4.00,-5.00,0.00,-2.00,0.022,0.034,0.021,0.020,0.031,0.022,0.028,0.020,0.023,0.020,0.012,0.026,0.036,0.021,0.031,0.031,0.027,0.035,0.035,0.034,0.000,0.000,0.020,0.022,0.025,0.024,0.023,0.023,0.021,0.021,0.000,0.033,0.009,0.013,0.025,0.021,0.026,0.025,0.022,0.023
9,25,2,1,1,0,#NULL!,#NULL!,100.00,120.00,120.00,50.00,100.00,100.00,50.00,10.00,0.00,0.00,100.00,120.00,100.00,50.00,0.00,0.00,50.00,150.00,200.00,100.00,100.00,150.00,180.00,180.00,180.00,180.00,100.00,30.00,100.00,50.00,100.00,50.00,0.00,0.00,0.00,100.00,100.00,30.00,30.00,0.00,27084.00,29706.86,24798.81,29744.24,40756.13,33871.29,28699.25,28419.82,28988.21,29567.98,16793.00,18743.21,17535.81,17341.87,17688.70,18042.48,18650.51,20644.93,24002.99,25432.98,21742.00,24884.58,29890.26,32682.12,37715.17,35046.19,32801.06,34639.73,30979.21,35438.98,18031.00,17032.81,17373.47,17720.93,18075.35,19465.00,17276.94,17411.22,17428.69,17777.26,16884.00,22869.60,17824.80,12025.00,34948.00,27947.00,8403.50,860.90,0.00,0.00,6593.00,5115.60,2766.00,866.00,0.00,0.00,926.50,4456.50,9006.00,5115.60,11542.00,20367.00,29437.20,32220.00,37243.80,34565.40,16641.00,6274.80,16981.00,12500.50,7831.00,2635.00,0.00,0.00,0.00,5968.00,3510.00,862.80,549.30,0.00,3.00,1.00,2.00,1.00,3.00,1.00,1.00,1.00,2.00,1.00,1.00,3.00,1.00,2.00,1.00,2.00,3.00,1.00,2.00,1.00,23.00,10.00,3.00,1.00,3.00,1.00,1.00,1.00,1.00,1.00,3.00,1.00,1.00,3.00,1.00,2.00,1.00,3.00,4.00,2.00,1.00,1.00,24.00,11.00,3.00,1.00,3.00,1.00,1.00,1.00,1.00,1.00,2.00,1.00,1.00,2.00,1.00,1.00,1.00,2.00,3.00,1.00,1.00,1.00,19.00,10.00,3.00,1.00,2.00,1.00,1.00,1.00,1.00,1.00,2.00,1.00,1.00,3.00,1.00,1.00,1.00,3.00,3.00,2.00,1.00,1.00,20.00,11.00,3.00,1.00,3.00,1.00,1.00,1.00,1.00,1.00,3.00,1.00,1.00,4.00,1.00,2.00,1.00,4.00,4.00,2.00,1.00,1.00,26.00,11.00,2.00,1.00,2.00,2.00,1.00,1.00,1.00,1.00,1.00,1.00,1.00,1.00,1.00,2.00,2.00,2.00,2.00,2.00,2.00,2.00,2.00,2.00,1.00,1.00,2.00,1.00,2.00,1.00,1.00,1.00,2.00,2.00,1.00,1.00,1.00,1.00,0.092,-0.181,0.182,0.315,-0.185,-0.166,-0.010,0.020,0.020,0.110,-0.067,-0.011,0.020,0.020,0.033,0.102,0.151,0.058,0.135,0.183,0.089,0.143,-0.073,-0.066,0.055,-0.112,0.134,-0.057,0.020,0.020,0.020,0.074,-0.119,0.008,0.001,0.020,2.70,0.088,0.415,0.489,-0.014,0.244,-1.00,4.00,3.00,-3.00,-1.00,0.00,-1.00,-1.00,0.000,0.000,0.000,0.000,0.000,0.000,0.000,0.000,0.000,0.000,0.000,0.000,0.000,0.000,0.000,0.000,0.000,0.000,0.000,0.000,0.000,0.000,0.000,0.000,0.000,0.000,0.000,0.000,0.000,0.000,0.000,0.000,0.000,0.000,0.000,0.000,0.000,0.000,0.000,0.000
10,27,1,1,1,0,#NULL!,#NULL!,100.00,100.00,140.00,140.00,110.00,140.00,60.00,0.00,70.00,0.00,100.00,60.00,110.00,160.00,0.00,20.00,60.00,200.00,300.00,95.00,100.00,160.00,30.00,150.00,160.00,110.00,60.00,0.00,20.00,0.00,100.00,110.00,40.00,0.00,0.00,100.00,110.00,0.00,50.00,0.00,27084.00,29462.00,23632.02,36563.14,48753.11,38948.22,32707.82,33361.98,31243.09,31867.96,16793.00,20220.32,18884.24,17519.02,17869.40,18231.25,18892.49,21432.22,26278.60,27706.62,21742.00,25065.10,26317.73,28672.46,33138.71,31709.49,30576.04,31187.56,30940.65,31559.46,18031.00,15402.24,14957.32,15256.47,15561.60,16900.97,14403.89,14691.97,14434.55,14723.24,16884.00,19058.00,20795.60,33670.00,38442.80,39125.80,10084.20,0.00,3360.70,0.00,6593.00,20220.32,18884.24,17519.02,17869.40,18231.25,18892.49,21432.22,26278.60,27706.62,11542.00,21724.80,4906.20,26850.00,33105.60,21123.30,9984.60,0.00,3396.20,0.00,7831.00,5797.00,1397.20,0.00,0.00,5968.00,3861.00,0.00,915.50,0.00,4.00,1.00,2.00,1.00,3.00,1.00,1.00,1.00,3.00,2.00,1.00,3.00,1.00,1.00,1.00,2.00,3.00,1.00,2.00,1.00,25.00,10.00,4.00,1.00,3.00,1.00,3.00,1.00,1.00,1.00,4.00,3.00,1.00,3.00,1.00,3.00,1.00,3.00,3.00,1.00,2.00,1.00,31.00,10.00,5.00,1.00,4.00,1.00,3.00,1.00,1.00,1.00,4.00,3.00,1.00,4.00,1.00,3.00,1.00,4.00,4.00,1.00,3.00,1.00,37.00,10.00,5.00,2.00,4.00,1.00,3.00,1.00,1.00,1.00,5.00,4.00,1.00,3.00,1.00,2.00,1.00,4.00,4.00,1.00,2.00,1.00,36.00,11.00,4.00,2.00,3.00,1.00,3.00,1.00,1.00,1.00,3.00,2.00,1.00,3.00,1.00,2.00,1.00,3.00,3.00,1.00,2.00,1.00,28.00,11.00,2.00,1.00,2.00,2.00,1.00,1.00,1.00,1.00,1.00,1.00,1.00,1.00,1.00,2.00,2.00,2.00,2.00,2.00,2.00,2.00,2.00,2.00,1.00,1.00,2.00,1.00,2.00,1.00,1.00,1.00,2.00,2.00,1.00,1.00,1.00,1.00,0.084,-0.220,0.436,0.288,-0.225,-0.175,0.020,-0.066,0.020,0.186,-0.068,-0.075,0.020,0.020,0.036,0.126,0.204,0.053,0.142,0.049,0.086,0.145,-0.044,-0.036,0.020,-0.008,0.020,-0.158,-0.029,0.020,0.020,0.083,-0.160,0.020,-0.018,0.020,2.30,0.163,0.501,0.373,-0.203,0.208,-6.00,-12.00,-11.00,-3.00,0.00,0.00,-1.00,-1.00,0.016,0.033,0.000,0.879,0.000,1.080,1.060,0.262,0.324,0.860,0.007,0.381,1.116,1.014,0.000,0.032,0.057,0.007,0.610,0.023,0.000,0.011,0.327,0.829,0.017,0.021,0.629,0.612,0.016,0.387,1.169,0.016,0.781,0.000,0.205,0.772,0.008,0.861,0.719,0.000
11,46,1,1,1,1,10.00,4,100.00,160.00,160.00,160.00,160.00,160.00,160.00,0.00,320.00,320.00,100.00,0.00,0.00,800.00,800.00,800.00,800.00,800.00,800.00,800.00,100.00,190.00,190.00,190.00,190.00,190.00,190.00,190.00,190.00,0.00,100.00,115.00,0.00,0.00,0.00,335.00,335.00,335.00,335.00,335.00,27084.00,30400.59,23672.35,38384.07,55818.95,44615.39,26789.39,27325.18,15135.11,11914.55,16793.00,21697.44,22131.39,13859.46,10275.52,10659.60,14827.67,23771.74,36027.82,44347.89,21742.00,25606.64,30877.21,33810.71,39109.62,36278.35,31406.41,39524.68,32043.86,32684.74,18031.00,15266.36,15571.68,15883.12,16200.78,19969.06,11734.29,9609.90,6108.66,4098.16,16884.00,30492.80,23766.40,38480.00,55916.80,44715.20,26891.20,0.00,15363.20,12147.20,6593.00,0.00,0.00,13856.00,10272.00,10656.00,14824.00,23768.00,36024.00,44344.00,11542.00,25798.20,31072.60,34010.00,39312.90,36485.70,31617.90,39740.40,32263.90,0.00,7831.00,6060.50,0.00,0.00,0.00,19992.80,11758.50,9634.60,6133.85,6060.50,4.00,1.00,2.00,1.00,3.00,1.00,1.00,1.00,4.00,4.00,2.00,4.00,1.00,4.00,2.00,5.00,4.00,2.00,4.00,1.00,38.00,13.00,4.00,1.00,3.00,1.00,4.00,1.00,1.00,1.00,4.00,3.00,1.00,4.00,1.00,3.00,1.00,3.00,3.00,1.00,3.00,1.00,34.00,10.00,4.00,1.00,3.00,1.00,4.00,1.00,1.00,1.00,4.00,3.00,2.00,4.00,1.00,3.00,1.00,3.00,4.00,1.00,3.00,1.00,35.00,11.00,3.00,1.00,3.00,1.00,4.00,1.00,1.00,1.00,3.00,4.00,1.00,3.00,1.00,3.00,1.00,4.00,3.00,1.00,3.00,1.00,33.00,10.00,3.00,1.00,3.00,1.00,4.00,1.00,1.00,1.00,4.00,3.00,2.00,4.00,1.00,3.00,1.00,4.00,4.00,1.00,3.00,1.00,35.00,11.00,2.00,1.00,2.00,2.00,1.00,1.00,1.00,1.00,1.00,1.00,1.00,1.00,1.00,2.00,2.00,2.00,2.00,2.00,2.00,2.00,2.00,2.00,1.00,1.00,2.00,1.00,2.00,1.00,1.00,1.00,2.00,2.00,1.00,1.00,1.00,1.00,0.116,-0.250,0.483,0.374,-0.224,-0.510,0.020,-0.591,-0.239,0.256,0.020,-0.468,-0.299,0.037,0.330,0.472,0.416,0.208,0.164,0.187,0.091,0.146,-0.075,-0.144,0.230,-0.210,0.020,-0.166,0.020,0.020,0.020,0.209,-0.532,-0.200,-0.453,-0.399,-2.60,-0.821,0.971,0.408,-1.482,-0.231,4.00,3.00,5.00,3.00,3.00,2.00,3.00,2.00,0.000,0.000,0.455,0.154,0.021,0.219,0.228,0.031,0.060,0.060,0.022,0.028,0.023,0.030,0.030,0.030,0.022,0.164,0.164,0.057,0.000,0.000,0.000,0.642,0.068,0.066,0.018,0.163,0.044,0.043,0.000,0.034,0.027,0.231,0.020,0.052,0.292,0.292,0.292,0.024
12,24,1,1,13,1,1.00,4,100.00,0.00,0.00,0.00,0.00,0.00,55.00,55.00,55.00,175.00,100.00,220.00,385.00,385.00,385.00,385.00,380.00,380.00,380.00,380.00,100.00,0.00,0.00,0.00,0.00,0.00,0.00,0.00,0.00,150.00,100.00,155.00,215.00,290.00,305.00,305.00,305.00,305.00,305.00,305.00,27084.00,27625.68,28178.19,28741.76,29316.59,29902.92,24066.56,19854.12,18062.10,16496.56,16793.00,16281.35,10515.27,6531.70,4804.17,4986.18,6964.47,11211.34,17031.37,20981.77,21742.00,22176.84,22620.38,23072.78,23534.24,24004.92,24485.02,24974.72,25474.21,37504.27,18031.00,14179.31,10415.74,6109.16,14761.82,18192.89,10695.80,8761.90,5574.45,3744.25,16884.00,0.00,0.00,0.00,0.00,0.00,9243.85,4734.95,2640.55,6643.00,6593.00,9378.60,10649.10,6668.20,4943.40,5128.20,7041.40,11289.80,17111.40,9378.60,11542.00,0.00,0.00,0.00,0.00,0.00,0.00,0.00,0.00,37501.50,7831.00,8168.50,7509.95,5817.40,14771.15,18202.40,10705.50,8771.80,5584.55,3754.55,4.00,1.00,3.00,1.00,3.00,1.00,1.00,1.00,3.00,3.00,1.00,3.00,1.00,3.00,1.00,3.00,3.00,1.00,3.00,1.00,31.00,10.00,4.00,1.00,3.00,1.00,3.00,1.00,1.00,1.00,3.00,3.00,1.00,1.00,1.00,3.00,1.00,3.00,3.00,1.00,1.00,1.00,27.00,10.00,4.00,1.00,3.00,1.00,3.00,1.00,1.00,1.00,3.00,3.00,1.00,3.00,1.00,3.00,1.00,3.00,3.00,1.00,3.00,1.00,31.00,10.00,4.00,1.00,3.00,1.00,3.00,1.00,1.00,1.00,3.00,3.00,1.00,3.00,1.00,3.00,1.00,3.00,3.00,1.00,3.00,1.00,31.00,10.00,4.00,1.00,3.00,1.00,3.00,1.00,1.00,1.00,3.00,3.00,1.00,3.00,1.00,3.00,1.00,3.00,3.00,1.00,3.00,1.00,31.00,10.00,2.00,1.00,2.00,2.00,1.00,1.00,1.00,1.00,1.00,1.00,1.00,1.00,1.00,2.00,2.00,2.00,2.00,2.00,2.00,2.00,2.00,2.00,1.00,1.00,2.00,1.00,2.00,1.00,1.00,1.00,2.00,2.00,1.00,1.00,1.00,1.00,0.020,0.020,0.020,0.020,0.020,-0.217,-0.192,-0.095,-0.091,-0.031,-0.437,-0.476,-0.307,0.037,0.334,0.476,0.418,0.209,0.020,0.020,0.020,0.020,0.020,0.020,0.020,0.020,0.387,-0.240,-0.308,-0.534,0.882,0.209,-0.531,-0.199,-0.452,-0.398,-3.60,-0.496,0.223,0.545,-1.572,-0.325,4.00,0.00,0.00,0.00,0.00,0.00,0.00,0.00,2.039,0.000,0.000,0.000,0.000,0.018,0.018,0.000,0.000,0.013,0.365,0.017,0.656,0.656,0.656,0.015,0.264,0.264,0.264,0.264,0.000,0.000,0.000,0.016,0.016,0.016,0.016,0.016,0.511,0.024,0.000,0.000,0.409,0.404,0.134,0.134,0.134,0.080,0.080,0.080
13,29,2,1,1,#NULL!,#NULL!,#NULL!,100.00,70.00,70.00,100.00,100.00,90.00,130.00,105.00,105.00,125.00,100.00,100.00,60.00,40.00,40.00,10.00,40.00,80.00,125.00,150.00,100.00,120.00,140.00,140.00,150.00,130.00,130.00,130.00,150.00,150.00,100.00,100.00,50.00,5.00,5.00,60.00,100.00,85.00,105.00,70.00,27084.00,28839.70,26206.89,35629.94,46759.54,40764.77,26371.44,17938.02,14117.59,13023.67,16793.00,19235.58,18670.94,18608.63,18787.74,19165.73,19746.79,21006.47,23267.33,25157.58,21742.00,24343.03,28336.11,30609.32,34871.00,33096.06,29928.10,35651.50,29834.55,41951.81,18031.00,15674.00,15046.28,15269.36,15714.59,16645.77,14401.32,14090.78,13214.95,13033.61,16884.00,13340.60,10397.80,24050.00,34948.00,25152.30,21849.10,9039.45,5041.05,4745.00,6593.00,4263.00,1659.60,692.80,513.60,133.20,741.20,2376.80,5628.75,8314.50,11542.00,16293.60,22895.60,25060.00,31036.50,24963.90,21633.30,27190.80,25471.50,37501.50,7831.00,5270.00,1746.50,100.30,242.15,3580.80,3510.00,2444.60,1922.55,5270.00,2.00,1.00,1.00,1.00,2.00,1.00,1.00,1.00,2.00,2.00,1.00,2.00,1.00,2.00,1.00,2.00,2.00,1.00,1.00,1.00,18.00,10.00,2.00,1.00,1.00,1.00,2.00,1.00,1.00,1.00,1.00,1.00,1.00,2.00,1.00,1.00,1.00,2.00,2.00,1.00,1.00,1.00,15.00,10.00,2.00,1.00,1.00,1.00,2.00,1.00,1.00,1.00,2.00,1.00,1.00,2.00,1.00,1.00,1.00,2.00,2.00,1.00,2.00,1.00,17.00,10.00,2.00,1.00,2.00,1.00,2.00,1.00,1.00,1.00,2.00,2.00,1.00,3.00,1.00,2.00,1.00,3.00,2.00,1.00,2.00,1.00,22.00,10.00,1.00,1.00,2.00,1.00,2.00,2.00,1.00,1.00,1.00,1.00,1.00,2.00,1.00,1.00,1.00,1.00,2.00,1.00,2.00,1.00,15.00,11.00,2.00,1.00,2.00,2.00,1.00,1.00,1.00,1.00,1.00,1.00,1.00,1.00,1.00,2.00,2.00,2.00,2.00,2.00,2.00,2.00,2.00,2.00,1.00,1.00,2.00,1.00,2.00,1.00,1.00,1.00,2.00,2.00,1.00,1.00,1.00,1.00,0.063,-0.096,0.307,0.272,-0.137,-0.436,-0.385,-0.240,-0.081,0.136,-0.030,-0.003,0.010,0.020,0.030,0.062,0.102,0.078,0.113,0.152,0.077,0.130,-0.052,-0.101,0.175,-0.178,0.341,-0.140,-0.041,0.015,0.029,0.058,-0.145,-0.022,-0.064,-0.014,0.00,-0.732,0.404,0.657,-0.325,0.001,3.00,1.00,-4.00,3.00,0.00,0.00,0.00,-1.00,0.000,0.000,0.023,0.029,0.027,0.034,0.032,0.015,0.034,0.019,0.000,0.013,0.038,0.016,0.021,0.024,0.021,0.028,0.027,0.020,0.000,0.023,0.028,0.016,0.038,0.013,0.035,0.092,0.019,0.054,0.000,0.000,0.011,0.015,0.028,0.013,0.030,0.017,0.027,0.022
14,49,2,4,3,0,#NULL!,#NULL!,100.00,80.00,55.00,140.00,85.00,55.00,170.00,95.00,135.00,80.00,100.00,120.00,150.00,125.00,170.00,200.00,385.00,445.00,500.00,420.00,100.00,110.00,180.00,180.00,175.00,180.00,155.00,165.00,155.00,180.00,100.00,130.00,85.00,120.00,140.00,165.00,190.00,215.00,230.00,40.00,27084.00,29013.14,27071.56,40071.48,49727.36,46486.93,27528.47,19971.60,14997.79,13591.17,16793.00,18743.21,16744.68,15717.93,15211.80,15560.67,17775.17,22940.86,30762.57,35367.57,21742.00,24162.52,29153.76,31930.89,36827.26,34140.53,30256.94,37366.68,31366.37,45818.38,18031.00,14858.71,13555.85,11958.73,16113.54,18132.24,13597.90,12355.83,10067.15,10013.84,16884.00,15246.40,8169.70,33670.00,29705.80,15370.85,28571.90,8178.55,6481.35,5883.80,6593.00,5115.60,4149.00,2165.00,2182.80,2664.00,7134.05,13220.95,22515.00,5115.60,11542.00,14935.80,29437.20,32220.00,36209.25,34565.40,25793.55,34511.40,26320.55,45001.80,7831.00,6851.00,2969.05,2407.20,6780.20,9847.20,6669.00,6183.40,4211.30,492.40,5.00,1.00,4.00,1.00,4.00,1.00,1.00,1.00,4.00,1.00,1.00,3.00,1.00,1.00,1.00,1.00,3.00,1.00,3.00,1.00,29.00,10.00,4.00,1.00,3.00,1.00,3.00,1.00,1.00,1.00,3.00,1.00,1.00,3.00,1.00,2.00,1.00,4.00,3.00,1.00,3.00,1.00,29.00,10.00,4.00,1.00,4.00,1.00,4.00,1.00,1.00,1.00,4.00,4.00,1.00,3.00,1.00,4.00,1.00,4.00,3.00,1.00,3.00,1.00,37.00,10.00,4.00,1.00,4.00,1.00,3.00,1.00,1.00,1.00,4.00,4.00,1.00,3.00,1.00,3.00,1.00,2.00,3.00,1.00,3.00,1.00,33.00,10.00,4.00,2.00,3.00,1.00,3.00,1.00,1.00,1.00,3.00,1.00,1.00,3.00,1.00,2.00,1.00,4.00,3.00,1.00,3.00,1.00,29.00,11.00,2.00,1.00,2.00,2.00,1.00,1.00,1.00,1.00,1.00,1.00,1.00,1.00,1.00,2.00,2.00,2.00,2.00,2.00,2.00,2.00,2.00,2.00,1.00,1.00,2.00,1.00,2.00,1.00,1.00,1.00,2.00,2.00,1.00,1.00,1.00,1.00,0.069,-0.069,0.392,0.216,-0.067,-0.524,-0.321,-0.286,-0.098,0.110,-0.113,-0.063,-0.033,0.023,0.133,0.255,0.293,0.139,0.106,0.188,0.091,0.143,-0.076,-0.121,0.211,-0.175,0.379,-0.194,-0.092,-0.125,0.298,0.118,-0.288,-0.096,-0.205,-0.005,0.60,-0.690,0.745,0.745,-0.588,0.053,0.00,-8.00,-4.00,0.00,0.00,0.00,0.00,-1.00,0.000,0.042,0.027,0.039,0.033,0.022,0.033,0.000,0.000,0.027,0.000,0.035,0.032,0.030,0.022,0.043,0.026,0.025,0.026,0.096,0.564,0.026,0.023,0.026,0.022,0.023,0.029,0.041,0.026,0.023,0.000,0.000,0.024,0.029,0.000,0.050,0.054,0.029,0.034,0.028
15,24,2,1,1,0,#NULL!,#NULL!,100.00,70.00,80.00,10.00,60.00,50.00,15.00,10.00,15.00,10.00,100.00,15.00,5.00,5.00,5.00,5.00,10.00,15.00,25.00,5.00,100.00,150.00,35.00,50.00,50.00,55.00,30.00,10.00,30.00,15.00,100.00,15.00,10.00,5.00,5.00,50.00,80.00,10.00,10.00,5.00,27084.00,28839.70,25748.37,27153.23,33946.49,30775.44,29636.11,29375.42,29365.90,29843.11,16793.00,21328.16,21675.61,22054.66,22471.62,22922.16,23430.04,24060.79,24910.15,25455.84,21742.00,24884.58,26258.83,27393.46,29157.83,28694.99,28385.07,29346.99,28627.93,30352.54,18031.00,17983.98,18155.42,18440.68,18949.34,19842.39,18177.35,18470.48,18729.64,19072.40,16884.00,13340.60,11883.20,2405.00,20968.80,13973.50,2521.05,860.90,720.15,379.60,6593.00,639.45,138.30,86.60,64.20,66.60,185.30,445.65,1125.75,277.15,11542.00,20367.00,5723.90,8950.00,10345.50,10561.65,4992.30,2091.60,5094.30,3750.15,7831.00,790.50,349.30,100.30,242.15,2984.00,2808.00,287.60,183.10,790.50,4.00,2.00,3.00,1.00,2.00,2.00,2.00,1.00,4.00,2.00,2.00,3.00,2.00,4.00,3.00,3.00,3.00,2.00,3.00,1.00,31.00,18.00,5.00,4.00,4.00,3.00,2.00,3.00,3.00,3.00,2.00,2.00,2.00,3.00,2.00,2.00,3.00,4.00,4.00,2.00,4.00,2.00,32.00,27.00,5.00,2.00,4.00,2.00,3.00,1.00,1.00,1.00,4.00,4.00,2.00,4.00,2.00,3.00,3.00,4.00,4.00,3.00,5.00,2.00,40.00,19.00,4.00,3.00,4.00,2.00,2.00,2.00,2.00,2.00,4.00,3.00,1.00,4.00,2.00,3.00,3.00,3.00,4.00,3.00,3.00,2.00,34.00,22.00,5.00,4.00,4.00,3.00,2.00,3.00,4.00,3.00,3.00,2.00,3.00,4.00,2.00,2.00,3.00,3.00,4.00,2.00,4.00,3.00,33.00,30.00,2.00,1.00,2.00,2.00,1.00,1.00,1.00,1.00,1.00,1.00,1.00,1.00,1.00,2.00,2.00,2.00,2.00,2.00,2.00,2.00,2.00,2.00,1.00,1.00,2.00,1.00,2.00,1.00,1.00,1.00,2.00,2.00,1.00,1.00,1.00,1.00,0.063,-0.113,0.053,0.223,-0.098,-0.038,-0.009,0.000,0.016,0.239,0.016,0.017,0.019,0.020,0.022,0.027,0.035,0.022,0.135,0.054,0.042,0.062,-0.016,-0.011,0.033,-0.025,0.058,-0.003,0.009,0.016,0.027,0.046,-0.088,0.016,0.014,0.018,2.50,0.097,0.416,0.334,0.056,0.226,-1.00,-9.00,-3.00,-2.00,-9.00,-1.00,-4.00,-12.00,0.000,0.030,0.018,0.040,0.027,0.056,0.027,0.033,0.025,0.023,0.000,0.024,0.038,0.024,0.097,0.030,0.004,0.000,0.036,0.024,0.014,0.068,0.038,0.038,0.024,0.009,0.020,0.037,0.028,0.000,0.000,0.292,0.140,0.300,0.155,0.021,0.131,0.361,0.038,0.032
16,24,1,1,1,0,#NULL!,#NULL!,100.00,95.00,110.00,120.00,100.00,85.00,100.00,90.00,90.00,75.00,100.00,170.00,180.00,190.00,200.00,200.00,205.00,210.00,225.00,210.00,100.00,110.00,70.00,60.00,100.00,90.00,120.00,130.00,90.00,110.00,100.00,115.00,120.00,130.00,115.00,105.00,120.00,170.00,200.00,180.00,27084.00,29273.28,24815.07,35990.08,47126.88,41524.45,30656.00,23588.39,20478.00,20061.79,16793.00,17512.28,15014.46,13245.04,12544.66,12840.19,14110.43,16662.61,20309.17,22710.23,21742.00,24162.52,26398.87,27658.20,30644.37,29545.62,26601.26,32258.12,28985.29,38013.41,18031.00,15266.36,13312.80,11555.14,15002.66,16382.26,13617.07,12692.27,10741.08,9809.98,16884.00,18105.10,16339.40,28860.00,34948.00,23754.95,16807.00,7748.10,4320.90,2847.00,6593.00,7247.10,4978.80,3290.80,2568.00,2664.00,3798.65,6239.10,10131.75,11640.30,11542.00,14935.80,11447.80,10740.00,20691.00,17282.70,19969.20,27190.80,15282.90,27501.10,7831.00,6060.50,4191.60,2607.80,5569.45,6266.40,4212.00,4889.20,3662.00,2215.80,4.00,1.00,3.00,1.00,5.00,1.00,1.00,1.00,3.00,3.00,1.00,4.00,1.00,4.00,2.00,3.00,4.00,1.00,4.00,1.00,37.00,11.00,4.00,3.00,5.00,2.00,5.00,1.00,2.00,2.00,4.00,5.00,1.00,5.00,1.00,4.00,2.00,3.00,5.00,3.00,5.00,2.00,45.00,19.00,5.00,2.00,4.00,2.00,4.00,1.00,1.00,1.00,5.00,4.00,2.00,5.00,1.00,4.00,2.00,5.00,5.00,2.00,4.00,1.00,45.00,45.00,5.00,1.00,5.00,2.00,5.00,1.00,1.00,1.00,5.00,4.00,1.00,5.00,1.00,4.00,2.00,4.00,5.00,2.00,4.00,1.00,46.00,13.00,5.00,3.00,5.00,3.00,4.00,1.00,3.00,2.00,4.00,3.00,3.00,4.00,1.00,5.00,2.00,4.00,4.00,3.00,4.00,2.00,42.00,23.00,2.00,1.00,2.00,2.00,1.00,1.00,1.00,1.00,1.00,1.00,1.00,1.00,1.00,2.00,2.00,2.00,2.00,2.00,2.00,2.00,2.00,2.00,1.00,1.00,2.00,1.00,2.00,1.00,1.00,1.00,2.00,2.00,1.00,1.00,1.00,1.00,0.078,-0.165,0.372,0.270,-0.127,-0.303,-0.262,-0.141,-0.021,0.042,-0.154,-0.125,-0.054,0.023,0.094,0.166,0.198,0.112,0.106,0.089,0.047,0.103,-0.037,-0.105,0.193,-0.107,0.271,-0.166,-0.137,-0.142,0.261,0.088,-0.185,-0.070,-0.167,-0.091,-0.10,-0.300,0.302,0.559,-0.609,-0.012,-8.00,-8.00,-9.00,-5.00,-8.00,-34.00,-2.00,-12.00,0.000,0.000,0.000,0.035,0.300,0.028,0.000,0.029,0.021,0.031,0.000,0.022,0.000,0.291,0.291,0.000,0.022,0.036,0.221,0.068,0.000,0.042,0.023,0.087,0.199,0.111,0.030,0.012,0.320,0.042,0.023,0.398,0.025,0.063,0.391,0.000,0.092,0.431,0.215,0.168
17,28,1,1,2,0,#NULL!,#NULL!,100.00,85.00,70.00,55.00,30.00,25.00,15.00,30.00,40.00,100.00,100.00,90.00,65.00,60.00,55.00,45.00,60.00,75.00,100.00,70.00,100.00,95.00,85.00,95.00,105.00,125.00,105.00,85.00,75.00,60.00,100.00,115.00,125.00,105.00,160.00,180.00,170.00,160.00,150.00,140.00,27084.00,29099.85,26472.24,31896.09,35659.11,34447.30,33381.40,31488.79,30526.49,30036.00,16793.00,19481.77,18842.93,18566.20,18672.07,19055.55,19733.28,20938.65,22830.00,23951.56,21742.00,23891.74,26498.35,28186.29,31304.67,29553.49,27051.19,30943.07,28296.94,33471.11,18031.00,15266.36,13218.68,11848.35,16560.33,18742.19,14735.52,13903.51,12527.80,15266.36,16884.00,16199.30,10397.80,13227.50,10484.40,6986.75,2521.05,2582.70,1920.40,3796.00,6593.00,3836.70,1797.90,1039.20,706.20,599.40,1111.80,2228.25,4503.00,3880.10,11542.00,12899.10,13900.90,17005.00,21725.55,24003.75,17473.05,17778.60,12735.75,15000.60,7831.00,6060.50,4366.25,2106.30,7748.80,10742.40,5967.00,4601.60,2746.50,1723.40,4.00,1.00,3.00,1.00,3.00,1.00,1.00,1.00,4.00,3.00,1.00,3.00,1.00,3.00,2.00,3.00,4.00,2.00,3.00,1.00,33.00,12.00,4.00,1.00,4.00,1.00,3.00,1.00,1.00,1.00,4.00,3.00,1.00,4.00,1.00,4.00,1.00,4.00,4.00,2.00,4.00,1.00,38.00,11.00,4.00,1.00,4.00,1.00,3.00,1.00,1.00,1.00,4.00,3.00,1.00,3.00,1.00,4.00,1.00,4.00,3.00,1.00,4.00,1.00,36.00,10.00,4.00,1.00,4.00,1.00,3.00,1.00,1.00,1.00,4.00,3.00,1.00,5.00,1.00,4.00,2.00,4.00,4.00,2.00,3.00,1.00,38.00,12.00,4.00,2.00,4.00,2.00,3.00,2.00,1.00,1.00,4.00,3.00,1.00,4.00,2.00,4.00,2.00,4.00,4.00,3.00,4.00,1.00,38.00,17.00,2.00,1.00,2.00,2.00,1.00,1.00,1.00,1.00,1.00,1.00,1.00,1.00,1.00,2.00,2.00,2.00,2.00,2.00,2.00,2.00,2.00,2.00,1.00,1.00,2.00,1.00,2.00,1.00,1.00,1.00,2.00,2.00,1.00,1.00,1.00,1.00,0.072,-0.095,0.186,0.112,-0.035,-0.031,-0.058,-0.031,-0.016,0.149,-0.033,-0.015,0.006,0.020,0.035,0.059,0.086,0.048,0.094,0.104,0.062,0.105,-0.058,-0.088,0.134,-0.089,0.168,-0.166,-0.144,-0.109,0.335,0.124,-0.241,-0.058,-0.104,0.198,2.00,0.103,0.355,0.431,-0.166,0.181,-5.00,-3.00,-5.00,-5.00,1.00,2.00,0.00,-5.00,0.000,0.046,0.019,0.000,0.043,0.030,0.030,0.014,0.027,0.323,0.000,0.310,0.224,0.029,0.052,0.381,0.026,0.599,0.449,0.054,0.742,0.438,0.542,0.169,0.249,0.043,0.000,0.311,0.454,0.475,0.000,0.014,0.036,0.028,0.020,0.773,0.181,0.000,0.020,0.005
18,44,1,1,1,0,#NULL!,#NULL!,100.00,130.00,130.00,35.00,40.00,40.00,5.00,20.00,0.00,0.00,100.00,0.00,0.00,0.00,0.00,0.00,500.00,500.00,535.00,535.00,100.00,130.00,130.00,140.00,170.00,135.00,0.00,0.00,100.00,0.00,100.00,0.00,0.00,5.00,5.00,300.00,200.00,95.00,20.00,0.00,27084.00,29880.30,24517.19,28122.16,32851.40,30428.45,30452.07,29354.28,29941.36,30540.19,16793.00,21697.44,22131.39,22574.02,23025.50,23486.00,26427.52,32360.77,40886.29,46786.20,21742.00,24523.55,28269.79,30541.67,35288.61,33426.92,34095.46,34777.37,31119.60,31741.99,18031.00,18391.62,18759.45,19056.80,19577.78,23053.75,18360.11,18058.32,18198.98,18562.96,16884.00,24775.40,19310.20,8417.50,13979.20,11178.80,840.35,1721.80,0.00,0.00,6593.00,0.00,0.00,0.00,0.00,0.00,9265.00,14855.00,24091.05,29655.05,11542.00,17651.40,21260.20,25060.00,35174.70,25924.05,0.00,0.00,16981.00,0.00,7831.00,0.00,0.00,100.30,242.15,17904.00,7020.00,2732.20,366.20,0.00,4.00,1.00,1.00,1.00,4.00,1.00,1.00,1.00,4.00,1.00,1.00,3.00,1.00,3.00,1.00,3.00,4.00,1.00,3.00,1.00,30.00,10.00,3.00,1.00,2.00,1.00,2.00,1.00,1.00,1.00,2.00,1.00,1.00,3.00,1.00,2.00,1.00,2.00,2.00,1.00,2.00,1.00,21.00,10.00,4.00,1.00,2.00,1.00,3.00,1.00,1.00,1.00,3.00,2.00,1.00,3.00,1.00,2.00,1.00,2.00,3.00,1.00,3.00,1.00,27.00,10.00,4.00,1.00,3.00,1.00,3.00,1.00,1.00,1.00,4.00,1.00,1.00,3.00,1.00,2.00,1.00,3.00,4.00,1.00,4.00,1.00,31.00,10.00,4.00,1.00,2.00,1.00,2.00,1.00,1.00,1.00,3.00,1.00,1.00,3.00,1.00,2.00,1.00,2.00,3.00,1.00,3.00,1.00,25.00,10.00,2.00,1.00,2.00,2.00,1.00,1.00,1.00,1.00,1.00,1.00,1.00,1.00,1.00,2.00,2.00,2.00,2.00,2.00,2.00,2.00,2.00,2.00,1.00,1.00,2.00,1.00,2.00,1.00,1.00,1.00,2.00,2.00,1.00,1.00,1.00,1.00,0.098,-0.198,0.137,0.155,-0.077,0.001,-0.037,0.020,0.020,0.256,0.020,0.020,0.020,0.020,0.118,0.203,0.234,0.135,0.120,0.142,0.077,0.144,-0.054,0.020,0.020,-0.111,0.020,0.020,0.020,0.016,0.027,0.163,-0.228,-0.017,0.008,0.020,4.30,0.120,1.025,0.378,0.029,0.388,9.00,3.00,-1.00,5.00,0.00,0.00,0.00,0.00,0.000,0.000,0.024,0.000,0.025,0.062,0.033,0.015,0.030,0.011,0.000,0.023,0.351,0.000,0.028,0.011,0.024,0.025,0.016,0.034,0.000,0.030,0.019,0.032,0.029,0.000,0.000,0.017,0.029,0.021,0.000,0.000,0.038,0.048,0.022,0.029,0.013,0.015,0.024,0.029
19,27,2,1,1,0,#NULL!,#NULL!,100.00,70.00,50.00,60.00,30.00,20.00,30.00,50.00,60.00,60.00,100.00,90.00,80.00,80.00,70.00,60.00,70.00,80.00,100.00,90.00,100.00,110.00,120.00,130.00,140.00,140.00,100.00,50.00,80.00,90.00,100.00,120.00,130.00,130.00,120.00,130.00,120.00,110.00,110.00,110.00,27084.00,28839.70,27123.92,33005.75,36790.96,35986.79,33196.84,29593.71,27797.47,27692.81,16793.00,19481.77,18605.59,18106.25,18130.52,18506.53,19222.71,20471.92,22353.93,23655.96,21742.00,24162.52,27651.09,29788.71,33790.69,31803.95,29493.97,32054.94,29213.38,36709.99,18031.00,15130.48,12985.97,11221.77,14802.46,16435.09,13670.96,13169.76,12220.38,11764.51,16884.00,13340.60,7427.00,14430.00,10484.40,5589.40,5042.10,4304.50,2880.60,2277.60,6593.00,3836.70,2212.80,1385.60,898.80,799.20,1297.10,2376.80,4503.00,4988.70,11542.00,14935.80,19624.80,23270.00,28967.40,26884.20,16641.00,10458.00,13584.80,22500.90,7831.00,6324.00,4540.90,2607.80,5811.60,7758.40,4212.00,3163.60,2014.10,1354.10,4.00,1.00,4.00,1.00,3.00,1.00,1.00,1.00,4.00,2.00,1.00,4.00,1.00,3.00,1.00,2.00,4.00,1.00,2.00,1.00,32.00,10.00,3.00,2.00,3.00,1.00,1.00,1.00,1.00,1.00,3.00,1.00,1.00,3.00,1.00,2.00,2.00,2.00,3.00,1.00,2.00,1.00,23.00,12.00,3.00,1.00,2.00,1.00,1.00,1.00,1.00,1.00,2.00,1.00,1.00,3.00,1.00,2.00,1.00,2.00,3.00,1.00,1.00,1.00,20.00,10.00,3.00,1.00,2.00,1.00,2.00,1.00,1.00,1.00,2.00,1.00,1.00,3.00,1.00,2.00,1.00,2.00,3.00,1.00,1.00,1.00,21.00,10.00,4.00,3.00,3.00,2.00,1.00,2.00,1.00,1.00,3.00,1.00,1.00,3.00,2.00,2.00,2.00,2.00,4.00,1.00,2.00,1.00,25.00,16.00,2.00,1.00,2.00,2.00,1.00,1.00,1.00,1.00,1.00,1.00,1.00,1.00,1.00,2.00,2.00,2.00,2.00,2.00,2.00,2.00,2.00,2.00,1.00,1.00,2.00,1.00,2.00,1.00,1.00,1.00,2.00,2.00,1.00,1.00,1.00,1.00,0.063,-0.061,0.196,0.109,-0.022,-0.081,-0.115,-0.063,-0.004,0.149,-0.046,-0.027,0.001,0.021,0.038,0.063,0.088,0.057,0.106,0.135,0.074,0.126,-0.061,-0.075,0.083,-0.093,0.228,-0.175,-0.153,-0.146,0.277,0.105,-0.184,-0.037,-0.075,-0.038,1.30,0.022,0.343,0.524,-0.427,0.115,9.00,12.00,11.00,7.00,-2.00,0.00,0.00,-6.00,0.000,0.022,0.022,0.026,0.164,0.000,0.125,0.000,0.038,0.034,0.000,0.035,0.027,0.030,0.000,0.027,0.310,0.000,0.046,0.026,0.000,0.000,0.022,0.039,0.035,0.014,0.019,0.080,0.038,0.022,0.024,0.001,0.057,0.020,0.031,0.064,0.039,0.058,0.038,0.039
20,24,2,1,1,0,#NULL!,#NULL!,100.00,100.00,100.00,100.00,95.00,100.00,100.00,90.00,65.00,50.00,100.00,95.00,85.00,50.00,20.00,15.00,15.00,15.00,20.00,20.00,100.00,120.00,120.00,125.00,125.00,115.00,110.00,100.00,105.00,85.00,100.00,90.00,90.00,90.00,90.00,95.00,100.00,100.00,100.00,95.00,27084.00,29462.00,25466.08,34874.32,45467.96,38677.36,27751.96,20626.28,18451.68,18270.21,16793.00,18400.92,18224.28,18492.24,18865.43,19316.90,19865.37,20557.20,18400.92,24343.03,21742.00,27835.22,29915.57,33555.14,32039.15,29439.26,33970.23,30078.65,37208.54,37208.54,18031.00,15945.76,14570.52,13460.75,16247.16,17548.84,15322.45,14924.70,14120.67,13798.30,16884.00,19058.00,14854.00,24050.00,33200.60,27947.00,16807.00,7748.10,3120.65,1898.00,6593.00,4049.85,2351.10,866.00,256.80,199.80,277.95,445.65,900.60,1108.60,11542.00,16293.60,19624.80,22375.00,25863.75,22083.45,18305.10,20916.00,17830.05,21250.85,7831.00,4743.00,3143.70,1805.40,4358.70,5669.60,3510.00,2876.00,1831.00,1169.45,4.00,2.00,3.00,1.00,3.00,1.00,1.00,1.00,3.00,1.00,1.00,2.00,1.00,2.00,2.00,3.00,3.00,1.00,4.00,1.00,28.00,12.00,4.00,3.00,3.00,2.00,1.00,2.00,1.00,1.00,4.00,1.00,1.00,4.00,2.00,3.00,2.00,4.00,3.00,2.00,3.00,1.00,31.00,15.00,5.00,3.00,3.00,3.00,1.00,1.00,1.00,1.00,3.00,2.00,1.00,3.00,2.00,1.00,4.00,3.00,3.00,2.00,4.00,2.00,28.00,20.00,4.00,3.00,3.00,3.00,2.00,2.00,1.00,3.00,5.00,1.00,3.00,4.00,1.00,3.00,4.00,5.00,3.00,1.00,3.00,1.00,30.00,20.00,4.00,2.00,3.00,2.00,3.00,2.00,1.00,1.00,3.00,2.00,1.00,3.00,2.00,3.00,2.00,4.00,3.00,1.00,3.00,1.00,21.00,15.00,2.00,1.00,2.00,2.00,1.00,1.00,1.00,1.00,1.00,1.00,1.00,1.00,1.00,2.00,2.00,2.00,2.00,2.00,2.00,2.00,2.00,2.00,1.00,1.00,2.00,1.00,2.00,1.00,1.00,1.00,2.00,2.00,1.00,1.00,1.00,1.00,0.084,-0.146,0.314,0.265,-0.162,-0.332,-0.297,-0.111,-0.010,0.091,-0.010,0.015,0.020,0.024,0.028,0.034,-0.111,0.280,0.247,0.072,0.115,-0.046,-0.085,0.143,-0.122,0.213,0.000,-0.123,-0.090,-0.079,0.188,0.077,-0.136,-0.026,-0.055,-0.023,0.70,-0.394,0.371,0.537,-0.268,0.062,-3.00,0.00,-2.00,7.00,-3.00,-8.00,-8.00,-3.00,0.000,0.040,0.027,0.014,0.023,0.025,0.034,0.005,0.020,0.022,0.000,0.335,0.335,0.025,0.012,0.018,0.026,0.034,0.029,0.027,0.000,0.398,0.036,0.028,0.000,0.000,0.022,0.092,0.019,0.023,0.017,0.009,0.028,0.027,0.021,0.021,0.019,0.016,0.036,0.021
21,20,2,4,9,1,0.50,3,100.00,75.00,95.00,125.00,60.00,45.00,90.00,110.00,125.00,100.00,100.00,130.00,140.00,125.00,145.00,125.00,100.00,50.00,10.00,0.00,100.00,85.00,70.00,50.00,0.00,0.00,20.00,0.00,0.00,20.00,100.00,145.00,170.00,200.00,230.00,210.00,180.00,210.00,220.00,220.00,27084.00,28926.42,25149.05,36775.68,43761.39,41171.64,31466.02,22707.79,18186.72,17449.43,16793.00,18497.02,16651.80,15623.18,15235.82,15568.44,16374.16,17242.12,17734.22,18088.90,21742.00,23711.23,25938.56,27066.79,27608.12,28160.29,28134.28,28696.96,29270.90,31392.40,18031.00,14451.07,11540.01,8657.09,15263.06,17727.41,13442.71,12232.75,10051.86,8852.33,16884.00,14293.50,14111.30,30062.50,20968.80,12576.15,15126.30,9469.90,6001.25,3796.00,6593.00,5541.90,3872.40,2165.00,1861.80,1665.00,1853.00,1485.50,450.30,0.00,11542.00,11541.30,11447.80,8950.00,0.00,0.00,3328.20,0.00,0.00,500.20,7831.00,7641.50,5938.10,4012.00,11138.90,12532.80,6318.00,6039.60,4028.20,2708.20,4.00,1.00,4.00,2.00,4.00,1.00,1.00,1.00,4.00,2.00,1.00,1.00,2.00,3.00,1.00,3.00,4.00,1.00,4.00,1.00,33.00,12.00,4.00,1.00,4.00,1.00,4.00,1.00,1.00,1.00,4.00,1.00,1.00,1.00,1.00,4.00,1.00,4.00,4.00,1.00,4.00,1.00,34.00,10.00,5.00,1.00,5.00,1.00,5.00,1.00,1.00,1.00,4.00,2.00,1.00,1.00,1.00,4.00,1.00,4.00,4.00,1.00,4.00,1.00,38.00,10.00,5.00,1.00,5.00,1.00,5.00,1.00,1.00,1.00,5.00,3.00,1.00,1.00,1.00,4.00,1.00,4.00,4.00,1.00,4.00,1.00,40.00,10.00,4.00,3.00,4.00,2.00,3.00,1.00,1.00,1.00,4.00,1.00,1.00,1.00,1.00,3.00,1.00,4.00,5.00,1.00,4.00,1.00,33.00,13.00,2.00,1.00,2.00,2.00,1.00,1.00,1.00,1.00,1.00,1.00,1.00,1.00,1.00,2.00,2.00,2.00,2.00,2.00,2.00,2.00,2.00,2.00,1.00,1.00,2.00,1.00,2.00,1.00,1.00,1.00,2.00,2.00,1.00,1.00,1.00,1.00,0.066,-0.140,0.380,0.174,-0.061,-0.269,-0.326,-0.222,-0.041,0.097,-0.105,-0.064,-0.025,0.022,0.050,0.052,0.028,0.020,0.087,0.090,0.043,0.020,0.020,-0.001,0.020,0.020,0.070,-0.221,-0.225,-0.287,0.567,0.150,-0.277,-0.094,-0.196,-0.127,-2.00,-0.440,0.074,0.367,-0.711,-0.177,-1.00,-5.00,-7.00,0.00,2.00,2.00,2.00,-1.00,0.000,0.029,0.167,0.037,0.023,0.025,0.036,0.018,0.020,0.022,0.000,0.289,0.000,0.038,0.027,0.016,0.022,0.029,0.015,0.025,0.000,0.024,0.275,0.034,0.015,0.034,0.029,0.031,0.027,0.022,0.031,0.058,0.000,0.041,0.034,0.018,0.019,0.021,0.023,0.024
22,21,2,1,1,0,#NULL!,#NULL!,100.00,115.00,135.00,105.00,100.00,110.00,120.00,130.00,120.00,100.00,100.00,105.00,105.00,115.00,100.00,115.00,90.00,65.00,45.00,50.00,100.00,110.00,130.00,110.00,120.00,110.00,90.00,100.00,85.00,90.00,100.00,90.00,95.00,130.00,125.00,115.00,110.00,115.00,130.00,125.00,27084.00,29620.15,24022.58,33846.90,44940.84,37369.70,24078.37,13465.55,8958.65,8036.80,16793.00,19112.49,17833.36,16937.31,16793.42,17154.95,17942.98,19004.45,20047.20,20923.11,21742.00,24162.52,27901.54,29800.38,33315.99,31890.31,29876.66,34416.37,31404.38,38944.80,18031.00,15945.76,14476.40,12742.01,16492.95,18005.17,15530.17,15030.95,13898.29,13380.48,16884.00,21916.70,20052.90,25252.50,34948.00,30741.70,20168.40,11191.70,5761.20,3796.00,6593.00,4476.15,2904.30,1991.80,1284.00,1531.80,1667.70,1931.15,2026.35,2771.50,11542.00,14935.80,21260.20,19690.00,24829.20,21123.30,14976.90,20916.00,14433.85,22500.90,7831.00,4743.00,3318.35,2607.80,6053.75,6863.20,3861.00,3307.40,2380.30,1538.75,5.00,4.00,4.00,1.00,4.00,1.00,1.00,4.00,4.00,2.00,1.00,1.00,1.00,3.00,1.00,4.00,4.00,1.00,4.00,1.00,35.00,16.00,4.00,4.00,3.00,2.00,2.00,1.00,1.00,4.00,4.00,1.00,1.00,1.00,1.00,2.00,1.00,3.00,3.00,1.00,3.00,1.00,26.00,17.00,5.00,4.00,5.00,1.00,3.00,1.00,1.00,4.00,4.00,1.00,1.00,1.00,1.00,3.00,2.00,4.00,3.00,2.00,3.00,1.00,32.00,18.00,4.00,4.00,4.00,1.00,3.00,1.00,1.00,3.00,4.00,1.00,1.00,1.00,1.00,3.00,2.00,3.00,3.00,1.00,3.00,1.00,29.00,16.00,5.00,4.00,5.00,1.00,4.00,1.00,1.00,4.00,4.00,1.00,1.00,1.00,1.00,3.00,2.00,4.00,4.00,2.00,4.00,1.00,35.00,18.00,2.00,1.00,2.00,2.00,1.00,1.00,1.00,1.00,1.00,1.00,1.00,1.00,1.00,2.00,2.00,2.00,2.00,2.00,2.00,2.00,2.00,2.00,1.00,1.00,2.00,1.00,2.00,1.00,1.00,1.00,2.00,2.00,1.00,1.00,1.00,1.00,0.090,-0.209,0.343,0.283,-0.184,-0.440,-0.581,-0.408,-0.109,0.129,-0.069,-0.052,-0.009,0.021,0.045,0.057,0.053,0.043,0.106,0.144,0.066,0.112,-0.044,-0.065,0.141,-0.092,0.215,-0.123,-0.097,-0.128,0.258,0.088,-0.148,-0.033,-0.078,-0.038,-2.00,-1.215,0.220,0.583,-0.298,-0.178,9.00,3.00,6.00,0.00,-1.00,-2.00,0.00,-2.00,0.015,0.000,0.040,0.034,0.033,0.029,0.024,0.011,0.165,0.002,0.000,0.216,0.033,0.010,0.000,0.030,0.028,0.019,0.029,0.014,0.000,0.033,0.034,0.019,0.196,0.033,0.029,0.036,0.000,0.021,0.026,0.000,0.031,0.032,0.000,0.034,0.010,0.058,0.025,0.016
23,23,1,4,9,1,1.00,4,100.00,75.00,40.00,20.00,25.00,5.00,5.00,75.00,130.00,145.00,100.00,70.00,35.00,75.00,80.00,165.00,180.00,200.00,200.00,200.00,100.00,70.00,45.00,20.00,20.00,15.00,15.00,45.00,35.00,25.00,100.00,75.00,75.00,85.00,95.00,100.00,45.00,40.00,70.00,70.00,27084.00,28926.42,27670.88,30004.08,33208.42,33487.59,33572.39,27843.23,23225.86,22093.90,16793.00,19974.14,19819.83,19399.24,19401.11,19825.96,21112.32,23696.45,27115.54,29557.73,21742.00,23440.45,25036.26,25780.77,26782.98,27033.37,27132.13,29448.75,28514.06,31004.44,18031.00,16353.40,15268.67,14250.71,17192.77,18564.76,17776.24,17850.09,17435.32,17338.40,16884.00,14293.50,5941.60,4810.00,8737.00,1397.35,840.35,6456.75,6241.30,5504.20,6593.00,2984.10,968.10,1299.00,1027.20,2197.80,3335.40,5942.00,9006.00,11086.00,11542.00,9504.60,7359.30,3580.00,4138.20,2880.45,2496.15,9412.20,5943.35,6250.25,7831.00,3952.50,2619.75,1705.10,4600.85,5968.00,1579.50,1150.40,1281.70,861.70,5.00,2.00,4.00,1.00,3.00,1.00,1.00,1.00,3.00,3.00,1.00,3.00,1.00,4.00,2.00,3.00,2.00,3.00,3.00,2.00,35.00,15.00,4.00,5.00,4.00,3.00,1.00,5.00,5.00,5.00,3.00,2.00,1.00,5.00,4.00,3.00,5.00,3.00,4.00,1.00,5.00,5.00,34.00,39.00,5.00,3.00,5.00,4.00,5.00,2.00,4.00,3.00,4.00,5.00,2.00,5.00,2.00,5.00,5.00,5.00,2.00,2.00,5.00,4.00,46.00,31.00,5.00,3.00,4.00,2.00,4.00,3.00,4.00,2.00,4.00,4.00,2.00,5.00,3.00,4.00,4.00,5.00,2.00,2.00,5.00,4.00,42.00,29.00,5.00,1.00,5.00,4.00,3.00,5.00,4.00,2.00,4.00,2.00,2.00,5.00,4.00,5.00,3.00,4.00,2.00,2.00,4.00,3.00,46.00,31.00,2.00,1.00,2.00,2.00,1.00,1.00,1.00,1.00,1.00,1.00,1.00,1.00,1.00,2.00,2.00,2.00,2.00,2.00,2.00,2.00,2.00,2.00,1.00,1.00,2.00,1.00,2.00,1.00,1.00,1.00,2.00,2.00,1.00,1.00,1.00,1.00,0.066,-0.044,0.081,0.101,0.008,0.003,-0.187,-0.181,-0.050,0.173,-0.008,-0.021,0.000,0.022,0.063,0.115,0.135,0.086,0.075,0.066,0.029,0.038,0.009,0.004,0.082,-0.032,0.084,-0.098,-0.069,-0.069,0.188,0.077,-0.043,0.004,-0.024,-0.006,1.90,-0.204,0.565,0.355,-0.039,0.169,1.00,-11.00,-7.00,-11.00,-24.00,-16.00,-14.00,-16.00,0.000,0.035,0.120,0.023,0.030,0.015,0.035,0.096,0.202,0.000,0.013,0.037,0.073,0.015,0.024,0.018,0.080,0.055,0.687,0.687,0.000,0.013,0.018,0.747,0.029,0.089,0.041,0.077,0.092,0.000,0.017,0.031,0.049,0.698,1.285,0.016,0.000,0.000,0.382,0.000
24,24,2,1,1,0,#NULL!,#NULL!,100.00,160.00,160.00,0.00,0.00,0.00,85.00,85.00,85.00,85.00,100.00,0.00,15.00,15.00,0.00,10.00,25.00,1280.00,1280.00,0.00,100.00,190.00,170.00,180.00,55.00,120.00,0.00,0.00,45.00,120.00,100.00,0.00,50.00,50.00,50.00,170.00,355.00,355.00,355.00,355.00,27084.00,30400.59,23672.35,24145.79,24628.71,25121.28,15679.61,8739.18,5530.81,4705.56,16793.00,21697.44,21894.05,22168.53,22611.90,23066.37,23651.29,37960.35,57568.58,58719.95,21742.00,25606.64,30376.32,33177.91,35179.62,33601.02,34273.04,34958.50,33698.68,43589.11,18031.00,18391.62,17818.25,17396.19,19142.55,21273.24,12549.08,10300.15,6592.20,4464.05,16884.00,30492.80,23766.40,0.00,0.00,0.00,14285.95,7317.65,4080.85,3226.60,6593.00,0.00,414.90,259.80,0.00,133.20,463.25,38028.80,57638.40,0.00,11542.00,25798.20,27801.80,32220.00,11380.05,23043.60,0.00,0.00,7641.45,30001.20,7831.00,0.00,1746.50,1003.00,2421.50,10145.60,12460.50,10209.80,6500.05,4370.05,3.00,1.00,2.00,1.00,3.00,2.00,1.00,1.00,3.00,1.00,2.00,2.00,1.00,1.00,2.00,1.00,1.00,1.00,1.00,1.00,18.00,13.00,4.00,3.00,3.00,3.00,2.00,1.00,1.00,1.00,3.00,2.00,1.00,3.00,2.00,3.00,1.00,1.00,3.00,2.00,1.00,1.00,25.00,16.00,3.00,1.00,3.00,2.00,3.00,1.00,1.00,1.00,3.00,4.00,1.00,3.00,1.00,3.00,2.00,3.00,2.00,1.00,1.00,1.00,28.00,12.00,5.00,2.00,4.00,1.00,3.00,1.00,1.00,1.00,4.00,4.00,2.00,4.00,1.00,4.00,2.00,4.00,4.00,2.00,1.00,2.00,37.00,15.00,5.00,2.00,3.00,1.00,2.00,1.00,1.00,1.00,4.00,3.00,2.00,3.00,1.00,4.00,2.00,3.00,3.00,1.00,2.00,2.00,32.00,14.00,2.00,1.00,2.00,2.00,1.00,1.00,1.00,1.00,1.00,1.00,1.00,1.00,1.00,2.00,2.00,2.00,2.00,2.00,2.00,2.00,2.00,2.00,1.00,1.00,2.00,1.00,2.00,1.00,1.00,1.00,2.00,2.00,1.00,1.00,1.00,1.00,0.116,-0.250,0.020,0.020,0.020,-0.471,-0.585,-0.457,-0.162,0.256,0.009,0.012,0.020,0.020,0.025,0.473,0.416,0.020,0.164,0.171,0.088,0.059,-0.046,0.020,0.020,-0.037,0.257,0.020,-0.032,-0.024,0.096,0.106,-0.528,-0.197,-0.446,-0.390,-3.30,-1.750,1.252,0.696,-1.396,-0.300,-7.00,-10.00,-19.00,-14.00,-3.00,1.00,-2.00,-1.00,0.000,0.000,0.044,0.026,0.036,0.096,0.058,0.038,0.022,0.014,0.000,0.000,0.022,0.039,0.252,0.000,0.036,0.059,0.059,0.033,0.000,0.000,0.029,0.032,0.026,0.032,0.017,0.016,0.022,0.061,0.000,0.046,0.070,0.004,0.023,0.029,0.020,0.047,0.047,0.047
25,21,1,7,1,0,#NULL!,#NULL!,100.00,105.00,105.00,110.00,110.00,110.00,115.00,120.00,125.00,125.00,100.00,105.00,115.00,130.00,300.00,310.00,310.00,300.00,280.00,280.00,100.00,110.00,115.00,115.00,125.00,140.00,145.00,150.00,145.00,155.00,100.00,115.00,125.00,60.00,35.00,35.00,35.00,20.00,0.00,0.00,27084.00,29446.72,25221.23,35514.47,47683.46,40167.17,27516.73,17826.10,13207.40,12095.27,16793.00,19112.49,17675.14,16612.52,15496.85,15875.98,17726.02,21323.36,25873.05,29050.34,21742.00,24162.52,27525.87,29478.15,33108.96,31108.59,27458.98,33921.43,28287.54,40757.88,18031.00,15266.36,13218.68,12548.94,13778.83,14414.25,13800.46,13935.63,14214.34,14498.63,16884.00,20010.90,15596.70,26455.00,38442.80,30741.70,19328.05,10330.80,6001.25,4745.00,6593.00,4476.15,3180.90,2251.60,3852.00,4129.20,5744.30,8913.00,12608.40,15520.40,11542.00,14935.80,18807.10,20585.00,25863.75,26884.20,24129.45,31374.00,24622.45,38751.55,7831.00,6060.50,4366.25,1203.60,1695.05,2088.80,1228.50,575.20,0.00,0.00,4.00,1.00,3.00,1.00,3.00,1.00,1.00,1.00,4.00,4.00,1.00,3.00,1.00,3.00,1.00,4.00,4.00,1.00,3.00,1.00,35.00,10.00,4.00,1.00,3.00,2.00,3.00,2.00,2.00,1.00,4.00,3.00,1.00,3.00,3.00,4.00,2.00,4.00,3.00,1.00,3.00,2.00,34.00,17.00,5.00,2.00,4.00,2.00,3.00,1.00,1.00,1.00,3.00,2.00,1.00,3.00,1.00,3.00,1.00,4.00,4.00,1.00,3.00,3.00,34.00,14.00,5.00,2.00,4.00,1.00,3.00,1.00,2.00,1.00,4.00,3.00,1.00,3.00,1.00,3.00,2.00,3.00,3.00,1.00,4.00,1.00,35.00,13.00,4.00,1.00,4.00,1.00,3.00,1.00,1.00,1.00,4.00,4.00,1.00,3.00,1.00,3.00,1.00,4.00,4.00,1.00,3.00,2.00,36.00,11.00,2.00,1.00,2.00,2.00,1.00,1.00,1.00,1.00,1.00,1.00,1.00,1.00,1.00,2.00,2.00,2.00,2.00,2.00,2.00,2.00,2.00,2.00,1.00,1.00,2.00,1.00,2.00,1.00,1.00,1.00,2.00,2.00,1.00,1.00,1.00,1.00,0.084,-0.155,0.342,0.295,-0.172,-0.378,-0.434,-0.300,-0.088,0.129,-0.078,-0.062,-0.070,0.024,0.110,0.185,0.193,0.116,0.106,0.130,0.069,0.116,-0.062,-0.125,0.211,-0.182,0.365,-0.166,-0.144,-0.052,0.093,0.045,-0.044,0.010,0.020,0.020,0.40,-0.806,0.548,0.628,-0.218,0.038,1.00,1.00,0.00,-1.00,-7.00,-4.00,-3.00,-1.00,0.014,0.024,0.206,0.206,0.005,0.200,0.168,0.018,0.029,0.020,0.000,0.014,0.008,0.022,0.005,0.029,0.015,0.034,0.318,0.160,0.023,0.207,0.018,0.030,0.083,0.301,0.139,0.030,0.000,0.221,0.000,0.356,0.028,0.020,0.015,0.080,0.022,0.222,0.089,0.069
26,21,1,4,9,0,#NULL!,#NULL!,100.00,85.00,70.00,105.00,85.00,70.00,85.00,95.00,135.00,135.00,100.00,130.00,140.00,145.00,155.00,155.00,155.00,155.00,145.00,135.00,100.00,90.00,90.00,90.00,90.00,90.00,95.00,95.00,105.00,115.00,100.00,85.00,110.00,115.00,115.00,105.00,95.00,95.00,90.00,90.00,27084.00,29099.85,26472.24,36345.55,45926.91,41455.47,32340.48,24879.86,20004.21,18917.92,16793.00,18497.02,16651.80,15405.32,14965.33,15299.24,16371.48,18374.37,20877.09,22577.05,21742.00,23801.48,26531.51,28159.17,30912.05,29818.65,27616.27,31913.67,27980.95,37373.01,18031.00,16081.64,14332.64,12828.90,16301.89,17707.47,15613.13,15256.40,14569.26,14287.69,16884.00,16199.30,10397.80,25252.50,29705.80,19562.90,14285.95,8178.55,6481.35,5124.60,6593.00,5541.90,3872.40,2511.40,1990.20,2064.60,2872.15,4605.05,6529.35,7483.05,11542.00,12220.20,14718.60,16110.00,18621.90,17282.70,15808.95,19870.20,17830.05,28751.15,7831.00,4479.50,3842.30,2306.90,5569.45,6266.40,3334.50,2732.20,1647.90,1107.90,3.00,1.00,3.00,1.00,4.00,1.00,1.00,1.00,3.00,3.00,1.00,3.00,1.00,3.00,1.00,3.00,1.00,1.00,3.00,1.00,29.00,10.00,5.00,3.00,3.00,2.00,3.00,2.00,1.00,1.00,2.00,3.00,1.00,2.00,2.00,1.00,1.00,1.00,2.00,1.00,3.00,2.00,22.00,16.00,4.00,2.00,3.00,3.00,2.00,1.00,2.00,1.00,3.00,2.00,1.00,1.00,1.00,2.00,3.00,3.00,4.00,1.00,2.00,1.00,26.00,16.00,5.00,4.00,5.00,1.00,5.00,1.00,2.00,1.00,5.00,4.00,1.00,1.00,1.00,5.00,3.00,3.00,3.00,2.00,3.00,1.00,39.00,17.00,4.00,3.00,3.00,3.00,2.00,2.00,2.00,1.00,3.00,2.00,1.00,1.00,2.00,3.00,3.00,3.00,3.00,1.00,2.00,3.00,26.00,21.00,2.00,1.00,2.00,2.00,1.00,1.00,1.00,1.00,1.00,1.00,1.00,1.00,1.00,2.00,2.00,2.00,2.00,2.00,2.00,2.00,2.00,2.00,1.00,1.00,2.00,1.00,2.00,1.00,1.00,1.00,2.00,2.00,1.00,1.00,1.00,1.00,0.072,-0.095,0.317,0.234,-0.102,-0.248,-0.262,-0.218,-0.056,0.097,-0.105,-0.078,-0.029,0.022,0.068,0.115,0.128,0.078,0.091,0.109,0.060,0.093,-0.036,-0.077,0.145,-0.132,0.289,-0.114,-0.115,-0.111,0.240,0.083,-0.126,-0.023,-0.046,-0.020,0.70,-0.359,0.296,0.542,-0.233,0.062,7.00,3.00,-10.00,3.00,-6.00,-6.00,-7.00,-11.00,0.000,0.051,0.024,0.000,0.032,0.027,0.021,0.201,0.021,0.770,0.018,0.000,0.070,0.235,0.015,0.082,0.130,0.023,0.297,0.168,0.000,0.000,0.404,0.004,0.000,0.035,0.243,0.135,0.000,0.091,0.000,0.028,0.018,0.031,0.031,0.481,0.744,0.126,0.024,0.221
27,29,1,7,1,0,#NULL!,#NULL!,100.00,30.00,0.00,100.00,40.00,0.00,120.00,150.00,170.00,190.00,100.00,70.00,50.00,40.00,30.00,30.00,200.00,200.00,200.00,200.00,100.00,190.00,130.00,100.00,80.00,50.00,10.00,10.00,0.00,50.00,100.00,110.00,110.00,110.00,150.00,250.00,200.00,120.00,100.00,100.00,27084.00,28145.98,28708.89,38181.99,43112.43,43974.68,30815.44,18630.54,12236.85,10389.65,16793.00,19974.14,19582.49,19538.41,19784.39,20186.77,21579.23,24172.69,27601.30,30053.21,21742.00,25606.64,29374.55,31180.96,33750.98,33475.09,33849.98,34921.20,35619.62,40172.20,18031.00,15402.24,13639.64,12199.89,16639.21,19542.34,14778.47,14229.00,13411.06,13042.66,16884.00,5717.40,0.00,24050.00,13979.20,0.00,20168.40,12913.50,8161.70,7212.40,6593.00,2984.10,1383.00,692.80,385.20,399.60,3706.00,5942.00,9006.00,11086.00,11542.00,25798.20,21260.20,17900.00,16552.80,9601.50,1664.10,2091.60,0.00,12500.50,7831.00,5797.00,3842.30,2206.60,7264.50,14920.00,7020.00,3451.20,1831.00,1231.00,3.00,3.00,2.00,4.00,4.00,3.00,1.00,1.00,1.00,1.00,3.00,3.00,1.00,4.00,3.00,3.00,4.00,1.00,3.00,1.00,28.00,21.00,5.00,4.00,5.00,4.00,4.00,3.00,1.00,1.00,4.00,3.00,3.00,3.00,1.00,3.00,1.00,4.00,4.00,1.00,4.00,1.00,39.00,20.00,5.00,3.00,5.00,3.00,5.00,3.00,1.00,1.00,5.00,4.00,4.00,4.00,1.00,4.00,3.00,4.00,4.00,1.00,4.00,1.00,44.00,21.00,5.00,3.00,5.00,3.00,4.00,3.00,1.00,1.00,4.00,4.00,1.00,4.00,1.00,4.00,3.00,4.00,5.00,1.00,4.00,1.00,43.00,18.00,5.00,1.00,4.00,5.00,4.00,3.00,1.00,1.00,4.00,3.00,4.00,4.00,1.00,4.00,3.00,4.00,4.00,1.00,4.00,1.00,40.00,20.00,2.00,1.00,2.00,2.00,1.00,1.00,1.00,1.00,1.00,1.00,1.00,1.00,1.00,2.00,2.00,2.00,2.00,2.00,2.00,2.00,2.00,2.00,1.00,1.00,2.00,1.00,2.00,1.00,1.00,1.00,2.00,2.00,1.00,1.00,1.00,1.00,0.038,0.020,0.285,0.121,0.020,-0.356,-0.503,-0.420,-0.164,0.173,-0.020,-0.002,0.013,0.020,0.067,0.113,0.133,0.085,0.164,0.137,0.060,0.079,-0.008,0.011,0.031,0.020,0.120,-0.158,-0.122,-0.112,0.310,0.161,-0.279,-0.038,-0.059,-0.028,-0.20,-0.958,0.582,0.614,-0.324,-0.022,-11.00,-16.00,-15.00,-12.00,1.00,0.00,3.00,1.00,0.014,0.028,0.034,0.024,0.023,0.125,0.062,0.259,0.070,0.000,0.000,0.440,0.025,0.025,0.000,0.039,0.106,0.347,0.034,0.206,0.000,0.000,0.018,0.014,0.160,0.265,0.017,0.017,0.219,0.094,0.000,0.024,0.000,0.359,0.214,0.211,0.023,0.000,0.055,0.031
28,21,1,7,13,0,#NULL!,#NULL!,100.00,95.00,115.00,105.00,110.00,110.00,100.00,80.00,20.00,5.00,100.00,30.00,0.00,0.00,0.00,5.00,15.00,35.00,105.00,85.00,100.00,115.00,115.00,110.00,100.00,100.00,55.00,25.00,40.00,20.00,100.00,65.00,0.00,0.00,0.00,30.00,30.00,0.00,0.00,0.00,27084.00,29273.28,24585.82,34421.40,46568.53,39029.94,28111.60,21846.52,21487.41,21862.11,16793.00,20958.88,21378.06,21805.62,22241.73,22687.68,23215.59,24058.23,26085.60,27414.76,21742.00,24252.77,27617.94,29511.11,32534.33,31283.19,30288.52,31879.84,30776.11,32927.71,18031.00,16625.17,16957.67,17296.82,17642.76,18304.06,17896.93,18254.87,18619.96,18992.36,16884.00,18105.10,17082.10,25252.50,38442.80,30741.70,16807.00,6887.20,960.20,189.80,6593.00,1278.90,0.00,0.00,0.00,66.60,277.95,1039.85,4728.15,4711.55,11542.00,15614.70,18807.10,19690.00,20691.00,19203.00,9152.55,5229.00,6792.40,5000.20,7831.00,3425.50,0.00,0.00,0.00,1790.40,1053.00,0.00,0.00,0.00,4.00,2.00,4.00,2.00,3.00,1.00,1.00,1.00,4.00,3.00,1.00,2.00,1.00,3.00,2.00,4.00,3.00,2.00,3.00,1.00,33.00,14.00,3.00,1.00,3.00,2.00,3.00,1.00,1.00,1.00,3.00,2.00,1.00,3.00,2.00,2.00,1.00,4.00,3.00,2.00,3.00,1.00,29.00,13.00,4.00,1.00,4.00,1.00,3.00,1.00,1.00,1.00,4.00,4.00,1.00,1.00,1.00,4.00,1.00,4.00,4.00,1.00,4.00,1.00,36.00,10.00,3.00,1.00,4.00,1.00,3.00,1.00,1.00,1.00,4.00,3.00,1.00,3.00,1.00,2.00,1.00,4.00,3.00,1.00,3.00,1.00,32.00,10.00,4.00,1.00,4.00,1.00,3.00,1.00,1.00,1.00,4.00,3.00,1.00,3.00,1.00,3.00,1.00,4.00,3.00,1.00,4.00,1.00,35.00,10.00,2.00,1.00,2.00,2.00,1.00,1.00,1.00,1.00,1.00,1.00,1.00,1.00,1.00,2.00,2.00,2.00,2.00,2.00,2.00,2.00,2.00,2.00,1.00,1.00,2.00,1.00,2.00,1.00,1.00,1.00,2.00,2.00,1.00,1.00,1.00,1.00,0.078,-0.175,0.337,0.302,-0.177,-0.328,-0.252,-0.017,0.017,0.222,0.020,0.020,0.020,0.020,0.023,0.036,0.081,0.050,0.109,0.130,0.066,0.098,-0.039,-0.032,0.051,-0.035,0.068,-0.081,0.020,0.020,0.020,0.037,-0.022,0.020,0.020,0.020,2.10,-0.214,0.490,0.415,0.052,0.186,4.00,-3.00,1.00,-2.00,1.00,4.00,4.00,4.00,0.000,0.000,0.000,0.034,0.025,0.057,1.288,0.022,0.025,0.109,0.000,0.000,0.000,0.000,0.000,0.000,0.031,0.031,0.000,0.000,0.429,0.000,0.046,0.000,0.000,0.156,1.002,0.000,0.064,0.064,0.000,0.000,0.017,0.367,0.367,0.029,0.037,0.080,0.080,0.024
29,23,1,1,1,0,#NULL!,#NULL!,100.00,100.00,25.00,25.00,0.00,0.00,50.00,150.00,180.00,180.00,100.00,100.00,350.00,440.00,10.00,10.00,745.00,745.00,745.00,745.00,100.00,50.00,20.00,10.00,10.00,125.00,10.00,5.00,120.00,120.00,100.00,100.00,150.00,190.00,240.00,190.00,150.00,100.00,550.00,550.00,27084.00,29360.00,28800.91,31601.66,32233.69,32878.36,27686.46,15438.98,8583.43,6773.27,16793.00,19235.58,14082.38,9571.02,9714.18,9910.69,13791.89,22120.73,33533.86,41281.59,21742.00,23079.42,24041.90,24644.63,25380.82,23511.16,23686.78,24357.62,19620.79,29229.66,18031.00,15674.00,13163.88,10469.12,17391.02,19692.30,16220.11,15840.31,10093.26,6793.71,16884.00,19058.00,3713.50,6012.50,0.00,0.00,8403.50,12913.50,8641.80,6832.80,6593.00,4263.00,9681.00,7620.80,128.40,133.20,13804.85,22133.95,33547.35,41295.35,11542.00,6789.00,3270.80,1790.00,2069.10,24003.75,1664.10,1045.80,20377.20,30001.20,7831.00,5270.00,5239.50,3811.40,11623.20,11339.20,5265.00,2876.00,10070.50,6770.50,4.00,1.00,3.00,1.00,4.00,1.00,1.00,1.00,3.00,2.00,1.00,3.00,1.00,2.00,1.00,4.00,3.00,1.00,3.00,1.00,31.00,10.00,5.00,1.00,4.00,1.00,4.00,1.00,1.00,1.00,4.00,3.00,1.00,4.00,1.00,2.00,1.00,4.00,2.00,1.00,5.00,1.00,37.00,10.00,4.00,1.00,4.00,1.00,3.00,1.00,1.00,1.00,3.00,4.00,1.00,4.00,1.00,2.00,1.00,3.00,4.00,1.00,4.00,1.00,35.00,10.00,4.00,1.00,3.00,1.00,3.00,1.00,1.00,1.00,3.00,3.00,1.00,3.00,1.00,2.00,1.00,3.00,2.00,1.00,4.00,1.00,30.00,10.00,4.00,1.00,3.00,1.00,3.00,1.00,1.00,1.00,3.00,3.00,1.00,4.00,1.00,2.00,1.00,5.00,3.00,1.00,4.00,1.00,34.00,10.00,2.00,1.00,2.00,2.00,1.00,1.00,1.00,1.00,1.00,1.00,1.00,1.00,1.00,2.00,2.00,2.00,2.00,2.00,2.00,2.00,2.00,2.00,1.00,1.00,2.00,1.00,2.00,1.00,1.00,1.00,2.00,2.00,1.00,1.00,1.00,1.00,0.081,-0.019,0.093,0.020,0.020,-0.172,-0.584,-0.587,-0.237,0.136,-0.312,-0.386,0.015,0.020,0.330,0.472,0.416,0.208,0.060,0.041,0.025,0.029,-0.077,0.007,0.028,-0.216,0.399,-0.140,-0.175,-0.229,0.508,0.124,-0.194,-0.024,-0.451,-0.396,-3.20,-1.386,0.899,0.296,-0.976,-0.292,-6.00,-4.00,1.00,-3.00,0.00,0.00,0.00,0.00,0.015,0.000,0.110,0.717,0.041,0.073,0.039,0.132,0.000,0.042,0.000,0.022,0.370,0.478,0.015,0.036,0.022,0.226,0.016,0.192,0.000,0.000,0.072,0.109,0.058,0.034,0.000,0.000,0.000,0.040,0.000,0.835,0.019,0.664,0.012,0.032,0.023,0.020,0.042,0.745
30,23,2,4,6,0,#NULL!,#NULL!,100.00,120.00,130.00,85.00,110.00,120.00,90.00,30.00,10.00,5.00,100.00,80.00,60.00,50.00,45.00,30.00,30.00,80.00,105.00,110.00,100.00,115.00,120.00,135.00,145.00,150.00,80.00,30.00,45.00,25.00,100.00,80.00,30.00,0.00,0.00,40.00,40.00,20.00,10.00,30.00,27084.00,29706.86,24340.29,32391.18,44497.70,36147.71,26341.61,24308.20,24396.35,24829.23,16793.00,19727.95,19173.15,19011.96,19175.01,19565.20,20104.82,21371.66,23345.31,24857.15,21742.00,24252.77,27743.16,29943.56,34070.28,31898.96,30180.09,31966.35,30646.68,33179.71,18031.00,16217.52,15977.15,16296.70,16622.63,17366.34,16682.72,16875.54,17102.79,17253.86,16884.00,22869.60,19310.20,20442.50,38442.80,33536.40,15126.30,2582.70,480.10,189.80,6593.00,3410.40,1659.60,866.00,577.80,399.60,555.90,2376.80,4728.15,6097.30,11542.00,15614.70,19624.80,24165.00,30001.95,28804.50,13312.80,6274.80,7641.45,6250.25,7831.00,4216.00,1047.90,0.00,0.00,2387.20,1404.00,575.20,183.10,369.30,3.00,1.00,1.00,1.00,1.00,1.00,1.00,1.00,2.00,1.00,2.00,2.00,1.00,2.00,2.00,2.00,4.00,1.00,2.00,1.00,20.00,10.00,1.00,1.00,2.00,2.00,2.00,1.00,1.00,1.00,1.00,1.00,2.00,3.00,1.00,2.00,4.00,2.00,4.00,1.00,2.00,3.00,20.00,16.00,4.00,1.00,4.00,1.00,2.00,1.00,1.00,1.00,2.00,2.00,1.00,2.00,1.00,3.00,2.00,2.00,3.00,1.00,2.00,1.00,26.00,11.00,4.00,1.00,4.00,1.00,4.00,1.00,1.00,1.00,2.00,3.00,1.00,2.00,1.00,3.00,2.00,2.00,2.00,1.00,2.00,2.00,15.00,21.00,1.00,2.00,1.00,2.00,1.00,1.00,2.00,1.00,1.00,1.00,2.00,2.00,1.00,1.00,4.00,1.00,2.00,2.00,1.00,4.00,12.00,21.00,2.00,1.00,2.00,2.00,1.00,1.00,1.00,1.00,1.00,1.00,1.00,1.00,1.00,2.00,2.00,2.00,2.00,2.00,2.00,2.00,2.00,2.00,1.00,1.00,2.00,1.00,2.00,1.00,1.00,1.00,2.00,2.00,1.00,1.00,1.00,1.00,0.092,-0.199,0.286,0.318,-0.208,-0.316,-0.080,0.004,0.018,0.161,-0.029,-0.008,0.009,0.020,0.027,0.061,0.088,0.063,0.109,0.134,0.076,0.129,-0.066,-0.055,0.058,-0.042,0.079,-0.106,-0.015,0.020,0.020,0.044,-0.040,0.011,0.013,0.009,1.90,-0.087,0.392,0.423,-0.044,0.171,0.00,-6.00,5.00,8.00,-6.00,-1.00,-11.00,-11.00,0.740,0.000,0.000,0.300,0.000,0.000,0.052,0.161,0.161,0.040,0.000,0.000,0.034,0.215,0.020,0.473,0.311,0.003,0.765,0.772,0.000,0.000,0.127,0.320,0.320,0.379,0.053,0.191,0.000,0.059,0.740,0.000,0.052,0.000,0.376,0.057,0.320,0.379,0.052,0.993